transaction_id,date,time,city,store,customer_id,payment_method,num_items,subtotal,tax,gross_income
TXN10000,2025-11-18,08:15:47,CH,CH-Lincoln Park,C4257,Cash,2,34.34,2.83,37.17
TXN10001,2025-11-20,18:28:47,LA,LA-Downtown,C6820,Cash,7,143.08,11.8,154.88
TXN10002,2025-09-24,13:58:47,CH,CH-Wicker Park,C9830,Cash,6,242.85999999999999,20.04,262.9
TXN10003,2025-10-01,19:11:47,CH,CH-Lincoln Park,C8668,Cash,2,60.53,4.99,65.52
TXN10004,2025-11-04,13:49:47,NY,NY-Brooklyn,C2290,Credit Card,6,222.98000000000002,18.4,241.38
TXN10005,2025-09-08,21:06:47,NY,NY-Brooklyn,C6107,Credit Card,2,111.0,9.16,120.16
TXN10006,2025-10-19,16:42:47,CH,CH-Lincoln Park,C2104,Cash,2,19.68,1.62,21.3
TXN10007,2025-09-02,15:18:47,CH,CH-Loop,C2790,Cash,4,85.44,7.05,92.49
TXN10008,2025-09-29,11:26:47,CH,CH-Lincoln Park,C2528,Cash,2,78.85000000000001,6.51,85.36
TXN10009,2025-09-28,10:40:47,LA,LA-Beverly Hills,C9701,Cash,4,92.62,7.64,100.26
TXN10010,2025-09-18,06:46:47,NY,NY-Downtown,C1651,Cash,1,16.05,1.32,17.37
TXN10011,2025-11-16,07:40:47,CH,CH-Wicker Park,C2200,Credit Card,3,134.2,11.07,145.27
TXN10012,2025-11-05,11:46:47,LA,LA-Santa Monica,C5956,Debit Card,1,22.94,1.89,24.83
TXN10013,2025-11-15,21:14:47,CH,CH-Wicker Park,C2232,Cash,6,201.76999999999998,16.65,218.42
TXN10014,2025-11-25,09:48:47,NY,NY-Uptown,C6794,Credit Card,2,15.52,1.28,16.8
TXN10015,2025-11-08,18:53:47,CH,CH-Loop,C5371,Debit Card,2,111.03,9.16,120.19
TXN10016,2025-09-18,08:38:47,NY,NY-Uptown,C9821,Cash,7,149.14000000000001,12.3,161.44
TXN10017,2025-11-24,11:37:47,LA,LA-Santa Monica,C3851,Debit Card,3,117.62,9.7,127.32
TXN10018,2025-11-15,14:39:47,CH,CH-Loop,C2389,Cash,2,86.86,7.17,94.03
TXN10019,2025-10-04,21:56:47,CH,CH-Wicker Park,C8251,Cash,7,297.18,24.52,321.7
TXN10020,2025-11-15,21:41:47,CH,CH-Lincoln Park,C1320,Debit Card,6,100.5,8.29,108.79
TXN10021,2025-11-10,17:44:47,NY,NY-Uptown,C7455,Cash,4,228.03,18.81,246.84
TXN10022,2025-11-12,05:19:47,CH,CH-Lincoln Park,C1659,Cash,4,124.56,10.28,134.84
TXN10023,2025-09-01,12:26:47,NY,NY-Brooklyn,C2876,Cash,2,40.85,3.37,44.22
TXN10024,2025-09-18,14:20:47,CH,CH-Loop,C8532,Debit Card,5,170.73,14.09,184.82
TXN10025,2025-09-17,18:25:47,CH,CH-Wicker Park,C7209,Digital,3,142.4,11.75,154.15
TXN10026,2025-10-11,05:45:47,LA,LA-Santa Monica,C9041,Cash,3,51.61,4.26,55.87
TXN10027,2025-10-25,05:19:47,LA,LA-Santa Monica,C6023,Cash,2,72.57,5.99,78.56
TXN10028,2025-09-30,12:21:47,CH,CH-Loop,C8827,Cash,6,224.99000000000004,18.56,243.55
TXN10029,2025-09-12,07:39:47,LA,LA-Santa Monica,C7693,Credit Card,6,124.36999999999999,10.26,134.63
TXN10030,2025-10-25,20:32:47,NY,NY-Downtown,C5728,Cash,3,58.91,4.86,63.77
TXN10031,2025-10-24,08:43:47,CH,CH-Lincoln Park,C8245,Credit Card,3,32.91,2.72,35.63
TXN10032,2025-10-03,10:51:47,LA,LA-Downtown,C3634,Debit Card,1,28.18,2.32,30.5
TXN10033,2025-10-10,18:58:47,LA,LA-Beverly Hills,C3146,Credit Card,4,69.06,5.7,74.76
TXN10034,2025-10-04,20:10:47,CH,CH-Lincoln Park,C9318,Cash,6,182.07,15.02,197.09
TXN10035,2025-10-02,05:32:47,CH,CH-Lincoln Park,C6439,Debit Card,5,161.35,13.31,174.66
TXN10036,2025-09-10,19:20:47,CH,CH-Lincoln Park,C7226,Cash,2,97.34,8.03,105.37
TXN10037,2025-10-08,21:09:47,CH,CH-Loop,C1753,Credit Card,2,67.96,5.61,73.57
TXN10038,2025-10-09,06:32:47,LA,LA-Beverly Hills,C9153,Cash,2,104.14999999999999,8.59,112.74
TXN10039,2025-11-11,09:28:47,LA,LA-Downtown,C7302,Cash,3,200.68,16.56,217.24
TXN10040,2025-10-29,08:29:47,LA,LA-Downtown,C6772,Cash,3,203.43,16.78,220.21
TXN10041,2025-09-26,11:53:47,LA,LA-Downtown,C7464,Credit Card,7,359.71999999999997,29.68,389.4
TXN10042,2025-08-30,13:48:47,NY,NY-Uptown,C9850,Cash,6,205.41000000000003,16.95,222.36
TXN10043,2025-10-21,10:10:47,LA,LA-Downtown,C8450,Cash,4,125.76,10.38,136.14
TXN10044,2025-09-09,11:55:47,CH,CH-Wicker Park,C4394,Digital,1,89.04,7.35,96.39
TXN10045,2025-11-12,12:06:47,NY,NY-Uptown,C8847,Credit Card,7,220.60000000000002,18.2,238.8
TXN10046,2025-10-19,18:57:47,NY,NY-Uptown,C4522,Credit Card,4,136.35000000000002,11.25,147.6
TXN10047,2025-10-23,20:10:47,NY,NY-Uptown,C6400,Cash,4,229.72,18.95,248.67
TXN10048,2025-11-22,08:40:47,LA,LA-Downtown,C1430,Debit Card,4,179.04000000000002,14.77,193.81
TXN10049,2025-11-14,13:15:47,NY,NY-Uptown,C3578,Credit Card,3,38.84,3.2,42.04
TXN10050,2025-10-15,15:00:47,LA,LA-Downtown,C5458,Credit Card,1,24.27,2.0,26.27
TXN10051,2025-10-24,18:45:47,CH,CH-Lincoln Park,C1897,Cash,2,50.13,4.14,54.27
TXN10052,2025-08-29,11:33:47,NY,NY-Downtown,C1307,Credit Card,3,63.709999999999994,5.26,68.97
TXN10053,2025-10-26,08:09:47,LA,LA-Downtown,C4630,Cash,4,91.73,7.57,99.3
TXN10054,2025-10-10,10:18:47,CH,CH-Wicker Park,C5961,Cash,5,157.32999999999998,12.98,170.31
TXN10055,2025-10-03,06:36:47,CH,CH-Loop,C8381,Cash,4,165.90000000000003,13.69,179.59
TXN10056,2025-09-11,15:59:47,NY,NY-Brooklyn,C3600,Credit Card,1,93.69,7.73,101.42
TXN10057,2025-10-14,17:12:47,LA,LA-Beverly Hills,C6731,Cash,3,48.07,3.97,52.04
TXN10058,2025-10-07,17:22:47,CH,CH-Wicker Park,C3253,Debit Card,3,117.35000000000001,9.68,127.03
TXN10059,2025-09-17,07:32:47,NY,NY-Brooklyn,C3655,Credit Card,7,340.03999999999996,28.05,368.09
TXN10060,2025-09-23,10:09:47,LA,LA-Santa Monica,C3273,Credit Card,7,277.84,22.92,300.76
TXN10061,2025-10-28,19:53:47,NY,NY-Downtown,C7878,Cash,2,97.86,8.07,105.93
TXN10062,2025-11-18,19:18:47,NY,NY-Uptown,C4941,Credit Card,1,10.66,0.88,11.54
TXN10063,2025-11-10,18:25:47,CH,CH-Wicker Park,C2698,Cash,3,73.61,6.07,79.68
TXN10064,2025-11-11,15:22:47,NY,NY-Uptown,C4060,Cash,7,248.0,20.46,268.46
TXN10065,2025-10-31,20:37:47,CH,CH-Lincoln Park,C1510,Debit Card,6,128.73999999999998,10.62,139.36
TXN10066,2025-09-16,19:16:47,NY,NY-Downtown,C9047,Cash,6,199.76000000000002,16.48,216.24
TXN10067,2025-09-23,08:22:47,NY,NY-Uptown,C9612,Cash,6,241.13,19.89,261.02
TXN10068,2025-10-20,19:06:47,CH,CH-Loop,C4694,Cash,3,76.48,6.31,82.79
TXN10069,2025-10-12,22:11:47,LA,LA-Santa Monica,C8430,Cash,6,249.32,20.57,269.89
TXN10070,2025-09-07,06:24:47,LA,LA-Beverly Hills,C2739,Cash,2,29.89,2.47,32.36
TXN10071,2025-10-08,12:43:47,NY,NY-Uptown,C6123,Cash,2,56.57,4.67,61.24
TXN10072,2025-09-22,10:45:47,CH,CH-Lincoln Park,C5681,Cash,3,111.92,9.23,121.15
TXN10073,2025-11-05,06:08:47,NY,NY-Uptown,C2946,Cash,3,72.89,6.01,78.9
TXN10074,2025-09-14,08:39:47,LA,LA-Beverly Hills,C6218,Credit Card,3,109.91,9.07,118.98
TXN10075,2025-09-18,17:53:47,CH,CH-Lincoln Park,C2800,Credit Card,5,170.58,14.07,184.65
TXN10076,2025-09-22,05:42:47,LA,LA-Beverly Hills,C4396,Cash,6,230.04,18.98,249.02
TXN10077,2025-11-25,20:34:47,LA,LA-Beverly Hills,C2647,Credit Card,7,181.45000000000002,14.97,196.42
TXN10078,2025-11-24,09:14:47,CH,CH-Loop,C5742,Cash,4,110.97999999999999,9.16,120.14
TXN10079,2025-09-02,05:33:47,CH,CH-Wicker Park,C4050,Cash,3,178.21,14.7,192.91
TXN10080,2025-08-30,16:04:47,LA,LA-Downtown,C3303,Credit Card,2,72.91,6.02,78.93
TXN10081,2025-10-29,16:13:47,NY,NY-Downtown,C2936,Cash,2,121.15,9.99,131.14
TXN10082,2025-10-27,14:24:47,LA,LA-Downtown,C9792,Cash,6,334.48,27.59,362.07
TXN10083,2025-09-17,10:34:47,CH,CH-Lincoln Park,C8575,Cash,2,96.82,7.99,104.81
TXN10084,2025-11-23,15:00:47,NY,NY-Uptown,C2044,Cash,1,8.06,0.66,8.72
TXN10085,2025-11-06,07:13:47,NY,NY-Uptown,C3086,Cash,4,163.95,13.53,177.48
TXN10086,2025-09-26,06:02:47,NY,NY-Uptown,C6224,Cash,6,158.8,13.1,171.9
TXN10087,2025-11-10,15:29:47,LA,LA-Santa Monica,C1944,Gift Card,5,105.32,8.69,114.01
TXN10088,2025-11-08,18:40:47,CH,CH-Wicker Park,C7179,Cash,2,29.919999999999998,2.47,32.39
TXN10089,2025-11-23,07:09:47,NY,NY-Downtown,C8635,Debit Card,5,218.91,18.06,236.97
TXN10090,2025-09-10,21:02:47,LA,LA-Santa Monica,C9005,Cash,4,226.95999999999998,18.72,245.68
TXN10091,2025-11-19,20:43:47,NY,NY-Brooklyn,C1794,Credit Card,2,57.410000000000004,4.74,62.15
TXN10092,2025-08-29,18:22:47,CH,CH-Loop,C1194,Cash,2,39.949999999999996,3.3,43.25
TXN10093,2025-08-31,22:00:47,LA,LA-Downtown,C4948,Digital,1,5.24,0.43,5.67
TXN10094,2025-09-22,21:30:47,LA,LA-Beverly Hills,C4700,Credit Card,1,17.07,1.41,18.48
TXN10095,2025-10-06,07:55:47,CH,CH-Loop,C8790,Cash,4,140.6,11.6,152.2
TXN10096,2025-10-02,07:13:47,NY,NY-Brooklyn,C8161,Debit Card,5,163.22,13.47,176.69
TXN10097,2025-09-27,07:35:47,CH,CH-Wicker Park,C3527,Digital,4,172.38,14.22,186.6
TXN10098,2025-10-17,15:37:47,NY,NY-Downtown,C6315,Cash,3,82.67999999999999,6.82,89.5
TXN10099,2025-10-17,05:32:47,LA,LA-Beverly Hills,C7224,Credit Card,6,204.69,16.89,221.58
TXN10100,2025-10-10,19:35:47,LA,LA-Downtown,C9044,Digital,2,114.64,9.46,124.1
TXN10101,2025-11-10,12:34:47,LA,LA-Beverly Hills,C3525,Debit Card,4,122.47999999999999,10.1,132.58
TXN10102,2025-10-22,17:18:47,LA,LA-Downtown,C2615,Cash,4,148.67000000000002,12.27,160.94
TXN10103,2025-10-01,12:46:47,CH,CH-Wicker Park,C6620,Credit Card,6,163.32,13.47,176.79
TXN10104,2025-11-19,08:57:47,NY,NY-Brooklyn,C1478,Cash,2,56.97,4.7,61.67
TXN10105,2025-11-15,11:42:47,CH,CH-Lincoln Park,C3194,Cash,6,235.39999999999998,19.42,254.82
TXN10106,2025-10-08,08:29:47,LA,LA-Santa Monica,C8272,Cash,6,180.62,14.9,195.52
TXN10107,2025-10-30,10:19:47,CH,CH-Loop,C2854,Credit Card,2,76.91,6.35,83.26
TXN10108,2025-11-10,08:31:47,CH,CH-Lincoln Park,C5380,Cash,7,259.54,21.41,280.95
TXN10109,2025-11-02,08:22:47,LA,LA-Santa Monica,C9105,Gift Card,7,310.96999999999997,25.66,336.63
TXN10110,2025-10-02,16:07:47,LA,LA-Beverly Hills,C1011,Cash,2,32.5,2.68,35.18
TXN10111,2025-10-22,11:58:47,NY,NY-Brooklyn,C3181,Cash,7,183.64000000000001,15.15,198.79
TXN10112,2025-11-19,09:18:47,CH,CH-Wicker Park,C4366,Cash,6,239.28999999999996,19.74,259.03
TXN10113,2025-11-03,21:26:47,CH,CH-Lincoln Park,C2163,Cash,1,13.43,1.11,14.54
TXN10114,2025-11-04,05:37:47,LA,LA-Santa Monica,C4909,Cash,7,233.88000000000002,19.3,253.18
TXN10115,2025-09-05,12:19:47,LA,LA-Santa Monica,C2046,Cash,5,251.32999999999998,20.73,272.06
TXN10116,2025-10-01,07:45:47,LA,LA-Downtown,C7870,Cash,4,66.1,5.45,71.55
TXN10117,2025-09-26,15:29:47,LA,LA-Downtown,C7718,Cash,7,221.07,18.24,239.31
TXN10118,2025-09-01,12:48:47,LA,LA-Downtown,C6038,Debit Card,1,53.46,4.41,57.87
TXN10119,2025-09-11,11:47:47,NY,NY-Uptown,C9515,Cash,1,5.28,0.44,5.72
TXN10120,2025-10-20,16:43:47,CH,CH-Loop,C9780,Credit Card,5,158.07999999999998,13.04,171.12
TXN10121,2025-10-13,11:42:47,LA,LA-Beverly Hills,C1660,Cash,1,56.58,4.67,61.25
TXN10122,2025-09-25,15:23:47,NY,NY-Brooklyn,C2010,Cash,3,81.81,6.75,88.56
TXN10123,2025-09-26,09:26:47,LA,LA-Beverly Hills,C5835,Credit Card,6,142.61,11.77,154.38
TXN10124,2025-10-31,19:10:47,CH,CH-Lincoln Park,C9231,Cash,3,137.63,11.35,148.98
TXN10125,2025-10-09,17:31:47,NY,NY-Downtown,C9743,Cash,2,21.99,1.81,23.8
TXN10126,2025-09-05,12:50:47,LA,LA-Beverly Hills,C3320,Debit Card,7,129.31,10.67,139.98
TXN10127,2025-09-12,22:09:47,LA,LA-Santa Monica,C4619,Cash,6,200.54,16.54,217.08
TXN10128,2025-11-18,09:13:47,LA,LA-Santa Monica,C2453,Cash,1,30.98,2.56,33.54
TXN10129,2025-11-22,15:42:47,NY,NY-Uptown,C7151,Cash,6,217.54000000000002,17.95,235.49
TXN10130,2025-09-18,07:49:47,NY,NY-Uptown,C5825,Credit Card,5,137.25,11.32,148.57
TXN10131,2025-11-21,20:26:47,NY,NY-Downtown,C4727,Cash,6,174.12,14.36,188.48
TXN10132,2025-11-07,07:07:47,LA,LA-Downtown,C5225,Cash,5,213.43,17.61,231.04
TXN10133,2025-10-08,07:19:47,LA,LA-Downtown,C9775,Cash,3,51.72,4.27,55.99
TXN10134,2025-10-12,18:30:47,LA,LA-Downtown,C6257,Cash,5,136.49,11.26,147.75
TXN10135,2025-10-02,18:52:47,CH,CH-Loop,C9589,Cash,2,85.6,7.06,92.66
TXN10136,2025-11-09,05:25:47,NY,NY-Downtown,C3029,Debit Card,2,82.31,6.79,89.1
TXN10137,2025-11-24,05:29:47,LA,LA-Beverly Hills,C4511,Credit Card,2,54.8,4.52,59.32
TXN10138,2025-09-26,12:57:47,NY,NY-Uptown,C7131,Credit Card,5,141.96,11.71,153.67
TXN10139,2025-11-08,14:33:47,CH,CH-Loop,C9148,Cash,3,125.11,10.32,135.43
TXN10140,2025-10-05,14:12:47,LA,LA-Beverly Hills,C8794,Cash,1,23.45,1.93,25.38
TXN10141,2025-11-22,16:46:47,LA,LA-Santa Monica,C7253,Debit Card,5,205.7,16.97,222.67
TXN10142,2025-11-04,14:40:47,NY,NY-Downtown,C6134,Cash,2,113.22999999999999,9.34,122.57
TXN10143,2025-11-18,06:14:47,LA,LA-Beverly Hills,C9587,Cash,7,314.46999999999997,25.94,340.41
TXN10144,2025-10-11,19:10:47,CH,CH-Loop,C1785,Cash,4,134.51999999999998,11.1,145.62
TXN10145,2025-11-21,08:55:47,NY,NY-Downtown,C2928,Credit Card,4,145.47,12.0,157.47
TXN10146,2025-10-04,09:04:47,NY,NY-Uptown,C8875,Cash,2,68.5,5.65,74.15
TXN10147,2025-10-10,12:14:47,NY,NY-Brooklyn,C2659,Cash,1,85.71,7.07,92.78
TXN10148,2025-09-30,12:43:47,LA,LA-Beverly Hills,C6123,Cash,1,59.46,4.91,64.37
TXN10149,2025-10-22,08:20:47,NY,NY-Downtown,C3140,Debit Card,6,194.67000000000002,16.06,210.73
TXN10150,2025-10-29,20:21:47,LA,LA-Beverly Hills,C7305,Cash,3,142.03,11.72,153.75
TXN10151,2025-09-17,06:14:47,CH,CH-Loop,C9148,Cash,4,88.56,7.31,95.87
TXN10152,2025-11-20,05:20:47,LA,LA-Beverly Hills,C7125,Cash,5,245.95999999999998,20.29,266.25
TXN10153,2025-11-26,08:16:47,NY,NY-Uptown,C3903,Cash,6,142.24,11.73,153.97
TXN10154,2025-11-25,11:00:47,NY,NY-Downtown,C6657,Cash,5,215.74,17.8,233.54
TXN10155,2025-11-23,09:59:47,CH,CH-Loop,C4675,Cash,6,229.79,18.96,248.75
TXN10156,2025-11-19,17:29:47,CH,CH-Wicker Park,C5329,Cash,6,250.05,20.63,270.68
TXN10157,2025-09-14,10:51:47,LA,LA-Santa Monica,C1144,Cash,6,227.72000000000003,18.79,246.51
TXN10158,2025-09-12,16:42:47,NY,NY-Brooklyn,C4492,Credit Card,5,184.45,15.22,199.67
TXN10159,2025-11-24,19:07:47,NY,NY-Downtown,C9238,Cash,6,126.91000000000001,10.47,137.38
TXN10160,2025-09-11,15:04:47,CH,CH-Lincoln Park,C1182,Credit Card,3,96.17999999999999,7.93,104.11
TXN10161,2025-11-07,09:21:47,NY,NY-Downtown,C9992,Credit Card,4,122.88,10.14,133.02
TXN10162,2025-10-27,07:32:47,CH,CH-Loop,C8383,Cash,2,57.11,4.71,61.82
TXN10163,2025-10-10,14:58:47,CH,CH-Loop,C8978,Credit Card,3,64.3,5.3,69.6
TXN10164,2025-11-07,08:25:47,CH,CH-Wicker Park,C9904,Cash,3,119.13999999999999,9.83,128.97
TXN10165,2025-11-06,20:55:47,NY,NY-Uptown,C9542,Cash,7,153.49,12.66,166.15
TXN10166,2025-11-18,14:07:47,CH,CH-Lincoln Park,C3578,Credit Card,5,161.39,13.31,174.7
TXN10167,2025-10-14,08:56:47,NY,NY-Uptown,C8891,Debit Card,6,189.13,15.6,204.73
TXN10168,2025-09-19,13:07:47,LA,LA-Downtown,C3135,Cash,5,100.86,8.32,109.18
TXN10169,2025-11-14,06:11:47,CH,CH-Wicker Park,C4096,Cash,4,152.03,12.54,164.57
TXN10170,2025-08-29,05:50:47,CH,CH-Loop,C6024,Cash,4,155.42000000000002,12.82,168.24
TXN10171,2025-11-10,17:03:47,CH,CH-Lincoln Park,C9489,Credit Card,7,277.51,22.89,300.4
TXN10172,2025-10-04,11:16:47,CH,CH-Wicker Park,C7474,Cash,2,95.97999999999999,7.92,103.9
TXN10173,2025-10-19,11:47:47,NY,NY-Brooklyn,C5530,Credit Card,1,55.22,4.56,59.78
TXN10174,2025-09-26,11:43:47,LA,LA-Downtown,C5098,Cash,2,61.5,5.07,66.57
TXN10175,2025-11-25,19:38:47,CH,CH-Lincoln Park,C5348,Credit Card,7,253.29,20.9,274.19
TXN10176,2025-09-24,12:26:47,NY,NY-Brooklyn,C6171,Cash,7,286.64,23.65,310.29
TXN10177,2025-11-25,05:14:47,CH,CH-Loop,C5306,Cash,1,38.3,3.16,41.46
TXN10178,2025-09-28,13:44:47,CH,CH-Lincoln Park,C1159,Cash,4,112.75999999999999,9.3,122.06
TXN10179,2025-09-20,18:45:47,NY,NY-Brooklyn,C5663,Cash,6,163.86,13.52,177.38
TXN10180,2025-10-13,15:57:47,CH,CH-Lincoln Park,C5444,Credit Card,4,157.45,12.99,170.44
TXN10181,2025-10-24,17:01:47,CH,CH-Wicker Park,C7387,Digital,4,70.55,5.82,76.37
TXN10182,2025-10-07,12:29:47,CH,CH-Lincoln Park,C9856,Cash,2,85.71000000000001,7.07,92.78
TXN10183,2025-10-02,19:22:47,CH,CH-Wicker Park,C8816,Cash,5,108.64,8.96,117.6
TXN10184,2025-10-06,06:03:47,LA,LA-Beverly Hills,C9060,Credit Card,7,281.76,23.25,305.01
TXN10185,2025-09-22,15:15:47,NY,NY-Downtown,C1134,Digital,1,10.38,0.86,11.24
TXN10186,2025-09-27,07:23:47,NY,NY-Uptown,C5078,Cash,4,113.25999999999999,9.34,122.6
TXN10187,2025-10-17,19:29:47,CH,CH-Loop,C8786,Cash,6,118.94999999999999,9.81,128.76
TXN10188,2025-11-25,09:37:47,NY,NY-Downtown,C9787,Cash,1,10.98,0.91,11.89
TXN10189,2025-09-11,09:45:47,NY,NY-Uptown,C4912,Gift Card,7,239.28,19.74,259.02
TXN10190,2025-10-09,07:56:47,CH,CH-Lincoln Park,C4419,Cash,6,140.41,11.58,151.99
TXN10191,2025-11-20,21:13:47,NY,NY-Uptown,C1955,Debit Card,1,52.46,4.33,56.79
TXN10192,2025-11-15,13:47:47,NY,NY-Brooklyn,C7802,Cash,3,62.790000000000006,5.18,67.97
TXN10193,2025-09-11,16:57:47,LA,LA-Downtown,C3591,Credit Card,1,52.17,4.3,56.47
TXN10194,2025-11-05,20:13:47,LA,LA-Beverly Hills,C1003,Credit Card,3,146.51,12.09,158.6
TXN10195,2025-09-02,14:52:47,NY,NY-Brooklyn,C5341,Cash,3,127.44,10.51,137.95
TXN10196,2025-10-14,12:28:47,LA,LA-Beverly Hills,C4714,Cash,4,145.38,11.99,157.37
TXN10197,2025-11-20,05:54:47,CH,CH-Lincoln Park,C8118,Cash,5,72.36999999999999,5.97,78.34
TXN10198,2025-11-26,10:02:47,NY,NY-Uptown,C5994,Credit Card,4,110.32000000000001,9.1,119.42
TXN10199,2025-09-19,16:53:47,LA,LA-Downtown,C2405,Cash,1,22.24,1.83,24.07
TXN10200,2025-09-12,06:29:47,CH,CH-Loop,C7332,Debit Card,7,166.95999999999998,13.77,180.73
TXN10201,2025-09-27,17:46:47,CH,CH-Loop,C9212,Debit Card,4,87.89,7.25,95.14
TXN10202,2025-10-03,06:54:47,LA,LA-Beverly Hills,C9732,Debit Card,7,218.48,18.02,236.5
TXN10203,2025-09-13,10:34:47,NY,NY-Brooklyn,C4783,Cash,3,120.61999999999999,9.95,130.57
TXN10204,2025-11-13,12:28:47,CH,CH-Loop,C1685,Cash,6,187.48999999999998,15.47,202.96
TXN10205,2025-11-14,18:00:47,LA,LA-Beverly Hills,C8400,Credit Card,6,200.67,16.56,217.23
TXN10206,2025-09-09,21:21:47,NY,NY-Brooklyn,C6491,Debit Card,6,163.33,13.47,176.8
TXN10207,2025-11-09,09:24:47,NY,NY-Downtown,C3960,Credit Card,1,21.32,1.76,23.08
TXN10208,2025-09-13,09:26:47,NY,NY-Brooklyn,C9084,Credit Card,1,89.49,7.38,96.87
TXN10209,2025-09-28,11:51:47,CH,CH-Lincoln Park,C2436,Cash,4,112.38,9.27,121.65
TXN10210,2025-09-04,08:40:47,NY,NY-Downtown,C9666,Credit Card,5,147.47,12.17,159.64
TXN10211,2025-09-09,21:00:47,CH,CH-Wicker Park,C4296,Debit Card,6,256.03999999999996,21.12,277.16
TXN10212,2025-11-25,14:30:47,NY,NY-Uptown,C5904,Cash,5,225.58000000000004,18.61,244.19
TXN10213,2025-11-09,15:49:47,CH,CH-Loop,C2517,Cash,6,190.68,15.73,206.41
TXN10214,2025-10-24,21:15:47,LA,LA-Downtown,C6095,Cash,3,80.82,6.67,87.49
TXN10215,2025-09-03,07:35:47,LA,LA-Santa Monica,C1826,Cash,7,186.55,15.39,201.94
TXN10216,2025-09-11,17:17:47,NY,NY-Uptown,C2849,Cash,6,162.44,13.4,175.84
TXN10217,2025-10-12,20:43:47,NY,NY-Uptown,C4869,Credit Card,5,162.87,13.44,176.31
TXN10218,2025-09-20,08:01:47,CH,CH-Wicker Park,C7648,Debit Card,1,35.06,2.89,37.95
TXN10219,2025-09-06,08:57:47,CH,CH-Lincoln Park,C9992,Cash,6,239.38,19.75,259.13
TXN10220,2025-09-04,05:59:47,CH,CH-Lincoln Park,C6902,Cash,3,87.94,7.26,95.2
TXN10221,2025-10-21,09:32:47,CH,CH-Loop,C3224,Cash,1,46.6,3.84,50.44
TXN10222,2025-09-08,09:55:47,LA,LA-Beverly Hills,C5578,Debit Card,6,214.46,17.69,232.15
TXN10223,2025-10-27,21:19:47,CH,CH-Wicker Park,C5981,Cash,4,166.81999999999996,13.76,180.58
TXN10224,2025-11-09,13:17:47,CH,CH-Lincoln Park,C4869,Credit Card,5,172.28,14.21,186.49
TXN10225,2025-10-30,11:05:47,CH,CH-Loop,C7765,Cash,1,32.36,2.67,35.03
TXN10226,2025-10-17,12:56:47,LA,LA-Downtown,C9724,Credit Card,2,52.15,4.3,56.45
TXN10227,2025-09-27,17:57:47,CH,CH-Lincoln Park,C9704,Cash,2,41.269999999999996,3.4,44.67
TXN10228,2025-11-18,17:08:47,LA,LA-Downtown,C4552,Debit Card,7,186.53,15.39,201.92
TXN10229,2025-11-13,08:59:47,NY,NY-Downtown,C8429,Debit Card,2,63.49,5.24,68.73
TXN10230,2025-10-03,18:58:47,CH,CH-Lincoln Park,C1014,Cash,7,234.85,19.38,254.23
TXN10231,2025-09-02,17:31:47,NY,NY-Brooklyn,C9759,Cash,4,109.25,9.01,118.26
TXN10232,2025-10-11,08:07:47,LA,LA-Beverly Hills,C4104,Credit Card,2,89.85,7.41,97.26
TXN10233,2025-09-15,06:26:47,NY,NY-Brooklyn,C1268,Gift Card,2,78.53999999999999,6.48,85.02
TXN10234,2025-09-02,15:17:47,LA,LA-Downtown,C9791,Cash,1,51.12,4.22,55.34
TXN10235,2025-09-17,13:13:47,NY,NY-Downtown,C4320,Credit Card,4,195.03,16.09,211.12
TXN10236,2025-10-22,16:05:47,CH,CH-Wicker Park,C3841,Cash,1,26.68,2.2,28.88
TXN10237,2025-10-10,07:21:47,LA,LA-Santa Monica,C3584,Credit Card,2,22.689999999999998,1.87,24.56
TXN10238,2025-08-31,20:19:47,NY,NY-Downtown,C4377,Cash,1,44.96,3.71,48.67
TXN10239,2025-09-16,13:47:47,LA,LA-Beverly Hills,C4144,Cash,2,27.08,2.23,29.31
TXN10240,2025-09-13,21:20:47,CH,CH-Lincoln Park,C3881,Debit Card,5,125.59,10.36,135.95
TXN10241,2025-09-18,05:45:47,CH,CH-Loop,C4884,Cash,2,84.03999999999999,6.93,90.97
TXN10242,2025-10-20,11:38:47,NY,NY-Downtown,C3804,Cash,4,54.849999999999994,4.53,59.38
TXN10243,2025-10-11,13:10:47,LA,LA-Downtown,C7662,Cash,7,327.58000000000004,27.03,354.61
TXN10244,2025-09-25,09:36:47,LA,LA-Santa Monica,C1399,Credit Card,1,21.76,1.8,23.56
TXN10245,2025-10-26,20:03:47,NY,NY-Brooklyn,C4354,Cash,7,335.74999999999994,27.7,363.45
TXN10246,2025-09-15,15:29:47,CH,CH-Loop,C5521,Credit Card,6,178.47000000000003,14.72,193.19
TXN10247,2025-09-12,09:45:47,NY,NY-Downtown,C6021,Cash,6,188.68,15.57,204.25
TXN10248,2025-09-19,13:28:47,LA,LA-Beverly Hills,C9948,Digital,7,154.89000000000001,12.78,167.67
TXN10249,2025-11-01,15:55:47,CH,CH-Lincoln Park,C8306,Cash,3,82.57,6.81,89.38
TXN10250,2025-10-13,07:34:47,NY,NY-Brooklyn,C8300,Credit Card,5,120.41,9.93,130.34
TXN10251,2025-11-08,07:27:47,CH,CH-Lincoln Park,C5478,Credit Card,4,100.62,8.3,108.92
TXN10252,2025-10-21,10:49:47,LA,LA-Downtown,C8593,Credit Card,2,106.36,8.77,115.13
TXN10253,2025-09-26,06:04:47,NY,NY-Downtown,C3219,Cash,6,230.81000000000003,19.04,249.85
TXN10254,2025-10-13,10:17:47,LA,LA-Beverly Hills,C5447,Cash,3,195.48000000000002,16.13,211.61
TXN10255,2025-11-24,16:20:47,CH,CH-Wicker Park,C3532,Cash,2,62.42,5.15,67.57
TXN10256,2025-11-01,13:07:47,NY,NY-Brooklyn,C1696,Credit Card,7,186.82,15.41,202.23
TXN10257,2025-09-23,08:16:47,CH,CH-Wicker Park,C4962,Credit Card,4,70.11999999999999,5.78,75.9
TXN10258,2025-11-01,07:20:47,CH,CH-Loop,C2347,Cash,6,244.42999999999998,20.17,264.6
TXN10259,2025-10-09,20:21:47,LA,LA-Beverly Hills,C7623,Cash,6,173.57,14.32,187.89
TXN10260,2025-09-13,13:07:47,LA,LA-Downtown,C9157,Cash,7,218.04000000000002,17.99,236.03
TXN10261,2025-10-30,21:30:47,CH,CH-Lincoln Park,C7412,Debit Card,5,152.13,12.55,164.68
TXN10262,2025-10-01,20:51:47,LA,LA-Downtown,C7900,Credit Card,7,167.51999999999998,13.82,181.34
TXN10263,2025-10-02,05:58:47,LA,LA-Downtown,C4305,Cash,3,104.27,8.6,112.87
TXN10264,2025-10-31,08:07:47,CH,CH-Loop,C2506,Cash,1,13.91,1.15,15.06
TXN10265,2025-11-11,08:51:47,LA,LA-Beverly Hills,C6968,Cash,7,271.62,22.41,294.03
TXN10266,2025-10-27,09:29:47,NY,NY-Brooklyn,C5023,Credit Card,3,95.28000000000002,7.86,103.14
TXN10267,2025-10-07,19:45:47,CH,CH-Lincoln Park,C5551,Cash,1,9.63,0.79,10.42
TXN10268,2025-11-21,10:55:47,NY,NY-Brooklyn,C7668,Cash,1,24.8,2.05,26.85
TXN10269,2025-10-14,07:39:47,CH,CH-Loop,C9740,Cash,5,223.39000000000001,18.43,241.82
TXN10270,2025-10-15,08:34:47,CH,CH-Lincoln Park,C1895,Cash,2,96.63,7.97,104.6
TXN10271,2025-11-25,12:30:47,CH,CH-Lincoln Park,C5275,Cash,6,226.71999999999997,18.7,245.42
TXN10272,2025-11-01,07:36:47,LA,LA-Downtown,C3842,Credit Card,5,170.54,14.07,184.61
TXN10273,2025-11-24,16:05:47,LA,LA-Santa Monica,C1815,Cash,3,165.93,13.69,179.62
TXN10274,2025-10-19,18:52:47,LA,LA-Santa Monica,C4385,Cash,3,78.33,6.46,84.79
TXN10275,2025-11-13,12:06:47,LA,LA-Downtown,C5198,Credit Card,4,111.97,9.24,121.21
TXN10276,2025-09-07,08:49:47,NY,NY-Downtown,C7466,Cash,2,130.41,10.76,141.17
TXN10277,2025-11-22,16:22:47,CH,CH-Loop,C5603,Credit Card,3,80.23,6.62,86.85
TXN10278,2025-10-14,18:32:47,LA,LA-Downtown,C1587,Debit Card,3,119.22999999999999,9.84,129.07
TXN10279,2025-10-28,13:24:47,CH,CH-Lincoln Park,C4479,Cash,4,150.97,12.46,163.43
TXN10280,2025-11-11,05:47:47,CH,CH-Loop,C2998,Cash,1,41.88,3.46,45.34
TXN10281,2025-10-18,16:51:47,NY,NY-Uptown,C1095,Cash,1,30.88,2.55,33.43
TXN10282,2025-10-10,06:55:47,CH,CH-Lincoln Park,C7020,Cash,6,208.84,17.23,226.07
TXN10283,2025-11-02,11:45:47,LA,LA-Beverly Hills,C3093,Cash,5,190.06999999999996,15.68,205.75
TXN10284,2025-11-24,15:07:47,NY,NY-Brooklyn,C5876,Cash,5,81.47999999999999,6.72,88.2
TXN10285,2025-10-08,20:02:47,CH,CH-Lincoln Park,C7637,Credit Card,3,36.03,2.97,39.0
TXN10286,2025-11-21,20:33:47,CH,CH-Wicker Park,C4298,Cash,6,147.84,12.2,160.04
TXN10287,2025-10-05,17:17:47,LA,LA-Santa Monica,C6556,Cash,7,267.20000000000005,22.04,289.24
TXN10288,2025-11-14,19:22:47,LA,LA-Downtown,C1297,Credit Card,4,108.23000000000002,8.93,117.16
TXN10289,2025-10-13,13:36:47,CH,CH-Loop,C8233,Cash,7,186.85999999999999,15.42,202.28
TXN10290,2025-11-01,21:00:47,NY,NY-Downtown,C6908,Credit Card,3,139.67,11.52,151.19
TXN10291,2025-11-17,12:23:47,CH,CH-Lincoln Park,C9476,Credit Card,2,78.78,6.5,85.28
TXN10292,2025-09-06,07:35:47,LA,LA-Beverly Hills,C9516,Gift Card,2,26.1,2.15,28.25
TXN10293,2025-10-05,18:39:47,CH,CH-Wicker Park,C4232,Credit Card,3,102.25,8.44,110.69
TXN10294,2025-10-06,07:16:47,CH,CH-Lincoln Park,C6553,Cash,6,216.67000000000002,17.88,234.55
TXN10295,2025-09-28,12:36:47,LA,LA-Beverly Hills,C8942,Credit Card,7,242.91,20.04,262.95
TXN10296,2025-10-26,09:59:47,CH,CH-Wicker Park,C7055,Cash,2,40.989999999999995,3.38,44.37
TXN10297,2025-11-10,14:16:47,CH,CH-Loop,C9970,Cash,3,93.35,7.7,101.05
TXN10298,2025-10-12,08:09:47,NY,NY-Uptown,C7711,Cash,3,141.26,11.65,152.91
TXN10299,2025-10-17,13:11:47,LA,LA-Beverly Hills,C1737,Cash,6,203.45,16.78,220.23
TXN10300,2025-10-30,05:35:47,LA,LA-Santa Monica,C5412,Cash,7,201.03,16.58,217.61
TXN10301,2025-09-05,15:43:47,CH,CH-Lincoln Park,C2663,Cash,1,27.57,2.27,29.84
TXN10302,2025-09-29,09:33:47,CH,CH-Lincoln Park,C6215,Cash,7,187.83,15.5,203.33
TXN10303,2025-11-24,15:54:47,LA,LA-Downtown,C3843,Cash,2,45.57,3.76,49.33
TXN10304,2025-10-20,21:02:47,LA,LA-Downtown,C4623,Cash,6,206.44,17.03,223.47
TXN10305,2025-09-27,20:37:47,NY,NY-Uptown,C1849,Cash,6,236.65,19.52,256.17
TXN10306,2025-10-09,19:08:47,LA,LA-Beverly Hills,C2584,Cash,5,141.15,11.64,152.79
TXN10307,2025-09-01,20:41:47,NY,NY-Brooklyn,C1994,Credit Card,3,83.28,6.87,90.15
TXN10308,2025-09-02,17:34:47,CH,CH-Loop,C2668,Credit Card,1,31.29,2.58,33.87
TXN10309,2025-11-23,06:49:47,NY,NY-Uptown,C1201,Debit Card,4,136.73,11.28,148.01
TXN10310,2025-11-13,07:51:47,NY,NY-Brooklyn,C9481,Cash,5,147.39000000000001,12.16,159.55
TXN10311,2025-11-12,09:17:47,NY,NY-Brooklyn,C4772,Debit Card,5,153.37,12.65,166.02
TXN10312,2025-10-27,11:29:47,LA,LA-Downtown,C2818,Credit Card,7,167.59,13.83,181.42
TXN10313,2025-10-11,11:33:47,LA,LA-Santa Monica,C8037,Cash,3,133.34,11.0,144.34
TXN10314,2025-11-18,13:12:47,NY,NY-Brooklyn,C1599,Credit Card,7,370.31,30.55,400.86
TXN10315,2025-09-24,13:11:47,NY,NY-Uptown,C8086,Debit Card,4,103.54999999999998,8.54,112.09
TXN10316,2025-10-20,17:05:47,LA,LA-Beverly Hills,C2350,Cash,1,25.62,2.11,27.73
TXN10317,2025-10-05,21:46:47,CH,CH-Wicker Park,C9898,Cash,3,50.629999999999995,4.18,54.81
TXN10318,2025-10-01,06:03:47,LA,LA-Beverly Hills,C7867,Debit Card,7,281.97,23.26,305.23
TXN10319,2025-10-22,18:02:47,CH,CH-Wicker Park,C3910,Cash,5,144.02,11.88,155.9
TXN10320,2025-09-02,20:15:47,NY,NY-Downtown,C4382,Cash,4,97.99000000000001,8.08,106.07
TXN10321,2025-09-14,11:33:47,LA,LA-Downtown,C7541,Credit Card,2,26.349999999999998,2.17,28.52
TXN10322,2025-11-14,12:47:47,LA,LA-Downtown,C4005,Debit Card,4,147.69,12.18,159.87
TXN10323,2025-11-26,08:39:47,CH,CH-Loop,C3236,Cash,7,214.50000000000003,17.7,232.2
TXN10324,2025-10-09,19:45:47,LA,LA-Santa Monica,C1076,Cash,6,166.39999999999998,13.73,180.13
TXN10325,2025-09-04,18:03:47,NY,NY-Downtown,C2582,Cash,2,23.84,1.97,25.81
TXN10326,2025-11-22,11:00:47,NY,NY-Downtown,C9875,Cash,1,18.62,1.54,20.16
TXN10327,2025-10-18,18:21:47,NY,NY-Downtown,C9185,Cash,3,58.49,4.83,63.32
TXN10328,2025-09-11,10:30:47,NY,NY-Brooklyn,C1621,Cash,6,125.74,10.37,136.11
TXN10329,2025-09-28,20:01:47,LA,LA-Santa Monica,C3057,Cash,6,244.49,20.17,264.66
TXN10330,2025-09-09,10:51:47,CH,CH-Loop,C7947,Cash,1,32.13,2.65,34.78
TXN10331,2025-09-20,12:33:47,LA,LA-Downtown,C2178,Cash,6,257.64000000000004,21.26,278.9
TXN10332,2025-10-10,09:59:47,LA,LA-Santa Monica,C7113,Cash,2,146.49,12.09,158.58
TXN10333,2025-10-17,20:33:47,CH,CH-Wicker Park,C8148,Cash,1,28.09,2.32,30.41
TXN10334,2025-09-30,16:46:47,CH,CH-Lincoln Park,C3414,Credit Card,3,163.57,13.49,177.06
TXN10335,2025-09-30,12:52:47,CH,CH-Wicker Park,C2316,Debit Card,1,40.06,3.3,43.36
TXN10336,2025-11-03,12:10:47,LA,LA-Santa Monica,C5407,Debit Card,3,234.51,19.35,253.86
TXN10337,2025-09-24,17:58:47,LA,LA-Santa Monica,C2052,Gift Card,7,166.07000000000002,13.7,179.77
TXN10338,2025-10-11,05:51:47,NY,NY-Uptown,C5578,Cash,7,163.24,13.47,176.71
TXN10339,2025-11-26,12:37:47,LA,LA-Downtown,C9858,Credit Card,7,140.56,11.6,152.16
TXN10340,2025-09-28,12:27:47,NY,NY-Brooklyn,C5593,Credit Card,1,14.9,1.23,16.13
TXN10341,2025-09-26,13:56:47,LA,LA-Downtown,C7252,Cash,2,95.36,7.87,103.23
TXN10342,2025-11-20,19:05:47,NY,NY-Downtown,C9775,Cash,3,80.1,6.61,86.71
TXN10343,2025-09-22,17:41:47,LA,LA-Beverly Hills,C4687,Credit Card,7,318.22,26.25,344.47
TXN10344,2025-11-26,07:13:47,NY,NY-Uptown,C9978,Credit Card,3,103.64,8.55,112.19
TXN10345,2025-10-18,08:22:47,LA,LA-Downtown,C8904,Debit Card,1,60.96,5.03,65.99
TXN10346,2025-10-05,09:27:47,NY,NY-Brooklyn,C3826,Cash,6,291.32,24.03,315.35
TXN10347,2025-11-20,18:03:47,CH,CH-Wicker Park,C3033,Credit Card,7,203.67000000000002,16.8,220.47
TXN10348,2025-09-24,08:25:47,CH,CH-Wicker Park,C6127,Cash,5,135.92,11.21,147.13
TXN10349,2025-11-03,16:52:47,CH,CH-Wicker Park,C4526,Cash,1,3.02,0.25,3.27
TXN10350,2025-09-15,11:51:47,LA,LA-Beverly Hills,C8104,Cash,5,208.85,17.23,226.08
TXN10351,2025-10-16,05:52:47,NY,NY-Downtown,C6716,Cash,5,139.29,11.49,150.78
TXN10352,2025-11-26,14:49:47,LA,LA-Downtown,C9711,Cash,1,56.98,4.7,61.68
TXN10353,2025-11-07,17:44:47,CH,CH-Loop,C4932,Cash,6,256.73,21.18,277.91
TXN10354,2025-09-09,10:50:47,NY,NY-Downtown,C9577,Credit Card,5,198.72,16.39,215.11
TXN10355,2025-09-26,10:18:47,LA,LA-Santa Monica,C6537,Cash,1,28.98,2.39,31.37
TXN10356,2025-11-23,13:07:47,CH,CH-Loop,C1084,Cash,4,196.48999999999998,16.21,212.7
TXN10357,2025-10-12,10:39:47,LA,LA-Santa Monica,C8198,Cash,4,89.21000000000001,7.36,96.57
TXN10358,2025-09-18,09:36:47,CH,CH-Lincoln Park,C1131,Cash,7,155.39000000000001,12.82,168.21
TXN10359,2025-10-23,20:32:47,LA,LA-Beverly Hills,C3436,Cash,4,207.18,17.09,224.27
TXN10360,2025-09-27,08:22:47,LA,LA-Santa Monica,C4791,Cash,2,30.6,2.52,33.12
TXN10361,2025-09-26,15:41:47,LA,LA-Santa Monica,C6920,Cash,6,135.34,11.17,146.51
TXN10362,2025-11-12,21:52:47,LA,LA-Santa Monica,C4160,Credit Card,2,91.68,7.56,99.24
TXN10363,2025-10-25,08:18:47,CH,CH-Wicker Park,C4116,Cash,6,251.95,20.79,272.74
TXN10364,2025-10-18,20:57:47,CH,CH-Wicker Park,C1145,Digital,2,33.0,2.72,35.72
TXN10365,2025-11-02,19:46:47,CH,CH-Wicker Park,C1844,Cash,3,163.6,13.5,177.1
TXN10366,2025-11-19,13:06:47,NY,NY-Brooklyn,C7479,Cash,6,216.43000000000004,17.86,234.29
TXN10367,2025-09-17,19:28:47,CH,CH-Wicker Park,C5621,Cash,2,85.58,7.06,92.64
TXN10368,2025-08-31,14:24:47,NY,NY-Uptown,C1193,Credit Card,2,27.39,2.26,29.65
TXN10369,2025-11-14,08:38:47,LA,LA-Santa Monica,C1221,Cash,1,8.94,0.74,9.68
TXN10370,2025-08-30,08:48:47,CH,CH-Lincoln Park,C3672,Debit Card,1,53.28,4.4,57.68
TXN10371,2025-10-07,15:44:47,NY,NY-Downtown,C2389,Cash,6,153.14,12.63,165.77
TXN10372,2025-09-03,09:25:47,LA,LA-Downtown,C7047,Cash,2,141.94,11.71,153.65
TXN10373,2025-10-01,08:04:47,NY,NY-Downtown,C5562,Credit Card,2,56.47,4.66,61.13
TXN10374,2025-09-16,07:34:47,NY,NY-Downtown,C9724,Credit Card,3,186.9,15.42,202.32
TXN10375,2025-11-05,12:38:47,NY,NY-Brooklyn,C3344,Credit Card,5,125.68,10.37,136.05
TXN10376,2025-10-16,05:58:47,LA,LA-Beverly Hills,C6984,Cash,1,25.44,2.1,27.54
TXN10377,2025-09-16,07:29:47,NY,NY-Downtown,C3050,Credit Card,7,331.14,27.32,358.46
TXN10378,2025-09-25,17:53:47,NY,NY-Downtown,C6154,Cash,7,176.62,14.57,191.19
TXN10379,2025-09-09,14:14:47,LA,LA-Beverly Hills,C3638,Digital,5,247.07999999999998,20.38,267.46
TXN10380,2025-11-01,22:00:47,CH,CH-Wicker Park,C8548,Cash,7,227.66,18.78,246.44
TXN10381,2025-10-01,20:30:47,LA,LA-Downtown,C3113,Debit Card,1,24.34,2.01,26.35
TXN10382,2025-10-24,16:46:47,CH,CH-Lincoln Park,C7503,Cash,6,238.35,19.66,258.01
TXN10383,2025-10-23,11:39:47,LA,LA-Santa Monica,C5129,Cash,5,268.35,22.14,290.49
TXN10384,2025-11-18,10:19:47,NY,NY-Downtown,C5250,Cash,1,79.17,6.53,85.7
TXN10385,2025-09-21,06:19:47,LA,LA-Beverly Hills,C3369,Digital,3,134.04000000000002,11.06,145.1
TXN10386,2025-10-09,15:14:47,NY,NY-Uptown,C4131,Debit Card,4,135.56,11.18,146.74
TXN10387,2025-11-23,05:37:47,LA,LA-Santa Monica,C3898,Cash,3,149.06,12.3,161.36
TXN10388,2025-11-07,10:48:47,LA,LA-Beverly Hills,C8601,Cash,6,233.98,19.3,253.28
TXN10389,2025-10-20,17:14:47,LA,LA-Santa Monica,C3792,Cash,3,131.23,10.83,142.06
TXN10390,2025-11-10,18:29:47,CH,CH-Lincoln Park,C2290,Cash,6,211.24999999999997,17.43,228.68
TXN10391,2025-11-10,17:15:47,CH,CH-Wicker Park,C3323,Cash,4,191.40000000000003,15.79,207.19
TXN10392,2025-10-04,14:11:47,NY,NY-Downtown,C3496,Cash,7,282.96,23.34,306.3
TXN10393,2025-09-25,16:21:47,NY,NY-Downtown,C9123,Cash,2,84.41999999999999,6.96,91.38
TXN10394,2025-10-23,21:39:47,NY,NY-Uptown,C9691,Cash,6,287.97,23.76,311.73
TXN10395,2025-10-13,17:15:47,NY,NY-Downtown,C9638,Debit Card,4,68.72,5.67,74.39
TXN10396,2025-09-25,08:49:47,LA,LA-Downtown,C7800,Credit Card,7,145.92999999999998,12.04,157.97
TXN10397,2025-10-06,13:34:47,LA,LA-Beverly Hills,C3790,Cash,7,245.41000000000003,20.25,265.66
TXN10398,2025-09-15,19:21:47,NY,NY-Uptown,C9420,Debit Card,7,226.07,18.65,244.72
TXN10399,2025-10-08,14:59:47,LA,LA-Downtown,C8802,Cash,5,106.81,8.81,115.62
TXN10400,2025-11-21,21:42:47,LA,LA-Beverly Hills,C5078,Cash,5,156.28000000000003,12.89,169.17
TXN10401,2025-09-12,12:21:47,NY,NY-Downtown,C5395,Credit Card,2,19.18,1.58,20.76
TXN10402,2025-10-31,11:24:47,NY,NY-Uptown,C9000,Credit Card,6,203.01999999999998,16.75,219.77
TXN10403,2025-09-29,20:21:47,NY,NY-Downtown,C8516,Credit Card,3,84.28,6.95,91.23
TXN10404,2025-08-30,16:33:47,CH,CH-Lincoln Park,C1673,Debit Card,7,234.51000000000002,19.35,253.86
TXN10405,2025-11-11,21:58:47,LA,LA-Downtown,C9224,Cash,7,239.28,19.74,259.02
TXN10406,2025-11-22,09:19:47,CH,CH-Lincoln Park,C8555,Cash,6,118.98,9.82,128.8
TXN10407,2025-11-06,10:38:47,LA,LA-Santa Monica,C9900,Cash,4,155.78,12.85,168.63
TXN10408,2025-11-09,14:17:47,LA,LA-Santa Monica,C5426,Cash,1,14.88,1.23,16.11
TXN10409,2025-11-20,08:35:47,CH,CH-Loop,C1000,Debit Card,5,192.3,15.86,208.16
TXN10410,2025-09-17,08:47:47,NY,NY-Downtown,C4943,Cash,4,120.6,9.95,130.55
TXN10411,2025-09-19,22:01:47,CH,CH-Wicker Park,C8282,Cash,4,102.61999999999999,8.47,111.09
TXN10412,2025-09-03,16:22:47,LA,LA-Downtown,C9602,Cash,1,48.03,3.96,51.99
TXN10413,2025-10-17,21:18:47,NY,NY-Brooklyn,C8805,Cash,6,236.95,19.55,256.5
TXN10414,2025-10-09,13:03:47,CH,CH-Loop,C7132,Cash,2,54.91,4.53,59.44
TXN10415,2025-11-14,06:13:47,NY,NY-Uptown,C2576,Cash,4,252.57,20.84,273.41
TXN10416,2025-09-24,07:05:47,NY,NY-Downtown,C2280,Cash,4,210.78,17.39,228.17
TXN10417,2025-09-14,21:33:47,NY,NY-Downtown,C5118,Cash,1,19.0,1.57,20.57
TXN10418,2025-10-17,16:18:47,NY,NY-Uptown,C1579,Cash,5,142.81,11.78,154.59
TXN10419,2025-10-12,07:40:47,CH,CH-Wicker Park,C9136,Credit Card,1,9.56,0.79,10.35
TXN10420,2025-11-01,12:55:47,LA,LA-Beverly Hills,C1244,Cash,7,291.45,24.04,315.49
TXN10421,2025-09-29,06:18:47,NY,NY-Downtown,C6848,Cash,3,107.47,8.87,116.34
TXN10422,2025-09-26,19:59:47,LA,LA-Beverly Hills,C9535,Credit Card,3,86.07999999999998,7.1,93.18
TXN10423,2025-09-27,15:01:47,CH,CH-Loop,C6508,Cash,6,135.63,11.19,146.82
TXN10424,2025-10-01,12:02:47,NY,NY-Uptown,C5495,Credit Card,5,290.48,23.96,314.44
TXN10425,2025-09-08,13:03:47,CH,CH-Lincoln Park,C4569,Cash,4,127.41999999999999,10.51,137.93
TXN10426,2025-10-20,06:51:47,NY,NY-Uptown,C5244,Debit Card,5,177.69,14.66,192.35
TXN10427,2025-09-30,05:57:47,LA,LA-Downtown,C3626,Credit Card,5,193.10999999999999,15.93,209.04
TXN10428,2025-10-15,06:32:47,NY,NY-Brooklyn,C8738,Cash,5,292.95,24.17,317.12
TXN10429,2025-11-21,21:47:47,LA,LA-Beverly Hills,C7898,Cash,7,227.25,18.75,246.0
TXN10430,2025-11-01,09:50:47,LA,LA-Downtown,C1392,Debit Card,2,8.780000000000001,0.72,9.5
TXN10431,2025-11-25,10:18:47,NY,NY-Brooklyn,C8816,Debit Card,4,96.30000000000001,7.94,104.24
TXN10432,2025-11-26,10:00:47,NY,NY-Brooklyn,C5486,Credit Card,7,291.1600000000001,24.02,315.18
TXN10433,2025-10-30,19:28:47,NY,NY-Uptown,C5617,Debit Card,3,57.86,4.77,62.63
TXN10434,2025-11-10,19:00:47,LA,LA-Downtown,C9402,Cash,4,130.05,10.73,140.78
TXN10435,2025-11-23,07:59:47,CH,CH-Lincoln Park,C1583,Debit Card,1,84.3,6.95,91.25
TXN10436,2025-11-18,05:29:47,NY,NY-Brooklyn,C9459,Cash,2,54.43000000000001,4.49,58.92
TXN10437,2025-09-25,05:41:47,NY,NY-Uptown,C5916,Credit Card,2,82.4,6.8,89.2
TXN10438,2025-09-27,14:56:47,LA,LA-Beverly Hills,C9014,Credit Card,4,138.22,11.4,149.62
TXN10439,2025-11-13,18:57:47,NY,NY-Downtown,C6401,Cash,5,100.31,8.28,108.59
TXN10440,2025-09-14,06:00:47,NY,NY-Uptown,C5638,Cash,6,174.44,14.39,188.83
TXN10441,2025-10-06,05:28:47,CH,CH-Wicker Park,C3487,Cash,3,43.97,3.63,47.6
TXN10442,2025-09-10,17:26:47,CH,CH-Lincoln Park,C7106,Credit Card,4,47.5,3.92,51.42
TXN10443,2025-11-06,08:42:47,NY,NY-Brooklyn,C4808,Digital,4,99.83,8.24,108.07
TXN10444,2025-09-05,20:30:47,LA,LA-Beverly Hills,C9594,Credit Card,7,234.41000000000003,19.34,253.75
TXN10445,2025-10-30,10:01:47,CH,CH-Lincoln Park,C7082,Cash,3,156.55,12.92,169.47
TXN10446,2025-11-03,13:44:47,LA,LA-Santa Monica,C7982,Debit Card,6,173.75,14.33,188.08
TXN10447,2025-11-11,14:37:47,CH,CH-Lincoln Park,C1004,Debit Card,5,100.01,8.25,108.26
TXN10448,2025-10-09,08:11:47,NY,NY-Downtown,C8163,Cash,4,175.67,14.49,190.16
TXN10449,2025-11-08,19:45:47,CH,CH-Lincoln Park,C9237,Credit Card,5,109.33999999999999,9.02,118.36
TXN10450,2025-08-30,13:16:47,CH,CH-Lincoln Park,C3509,Credit Card,4,215.84,17.81,233.65
TXN10451,2025-09-20,09:19:47,LA,LA-Santa Monica,C4255,Cash,6,188.55999999999995,15.56,204.12
TXN10452,2025-11-25,21:40:47,NY,NY-Brooklyn,C3916,Credit Card,7,215.07,17.74,232.81
TXN10453,2025-10-03,09:50:47,LA,LA-Beverly Hills,C6715,Cash,2,23.52,1.94,25.46
TXN10454,2025-11-19,21:42:47,CH,CH-Wicker Park,C8108,Debit Card,1,19.61,1.62,21.23
TXN10455,2025-10-12,14:27:47,LA,LA-Downtown,C2641,Digital,5,107.13,8.84,115.97
TXN10456,2025-09-21,16:33:47,NY,NY-Uptown,C1881,Cash,7,271.21000000000004,22.37,293.58
TXN10457,2025-09-09,15:04:47,NY,NY-Uptown,C8152,Cash,2,28.369999999999997,2.34,30.71
TXN10458,2025-09-09,12:23:47,CH,CH-Wicker Park,C6215,Debit Card,3,112.78,9.3,122.08
TXN10459,2025-09-15,18:03:47,LA,LA-Beverly Hills,C8875,Debit Card,6,97.17,8.02,105.19
TXN10460,2025-09-02,13:40:47,NY,NY-Downtown,C8758,Cash,5,178.11999999999998,14.69,192.81
TXN10461,2025-10-10,16:21:47,NY,NY-Uptown,C5134,Cash,4,145.89,12.04,157.93
TXN10462,2025-10-22,15:57:47,LA,LA-Santa Monica,C7491,Cash,2,42.7,3.52,46.22
TXN10463,2025-09-29,10:19:47,CH,CH-Loop,C7107,Cash,2,80.0,6.6,86.6
TXN10464,2025-09-02,09:52:47,CH,CH-Wicker Park,C5947,Debit Card,1,29.44,2.43,31.87
TXN10465,2025-10-22,17:15:47,NY,NY-Brooklyn,C3126,Cash,6,118.71000000000001,9.79,128.5
TXN10466,2025-10-03,13:43:47,CH,CH-Wicker Park,C6386,Cash,2,97.29,8.03,105.32
TXN10467,2025-11-06,17:44:47,CH,CH-Loop,C9676,Cash,3,64.68,5.34,70.02
TXN10468,2025-10-15,14:32:47,LA,LA-Beverly Hills,C8070,Credit Card,1,55.11,4.55,59.66
TXN10469,2025-10-21,06:02:47,LA,LA-Downtown,C5740,Credit Card,2,34.62,2.86,37.48
TXN10470,2025-09-20,11:03:47,CH,CH-Lincoln Park,C7618,Credit Card,3,159.42,13.15,172.57
TXN10471,2025-10-31,19:32:47,LA,LA-Santa Monica,C7852,Debit Card,2,42.519999999999996,3.51,46.03
TXN10472,2025-10-20,11:54:47,NY,NY-Brooklyn,C4273,Cash,5,109.80000000000001,9.06,118.86
TXN10473,2025-10-09,09:32:47,NY,NY-Downtown,C8703,Cash,4,146.04,12.05,158.09
TXN10474,2025-10-17,08:04:47,LA,LA-Beverly Hills,C7004,Debit Card,5,178.75,14.75,193.5
TXN10475,2025-10-20,15:23:47,NY,NY-Uptown,C5009,Cash,1,46.68,3.85,50.53
TXN10476,2025-10-01,15:32:47,CH,CH-Lincoln Park,C3106,Cash,4,119.38999999999999,9.85,129.24
TXN10477,2025-09-16,15:08:47,LA,LA-Beverly Hills,C6966,Credit Card,1,31.41,2.59,34.0
TXN10478,2025-11-02,21:39:47,LA,LA-Downtown,C6067,Debit Card,3,120.14,9.91,130.05
TXN10479,2025-09-24,12:23:47,LA,LA-Downtown,C5546,Credit Card,7,376.53999999999996,31.06,407.6
TXN10480,2025-09-09,12:00:47,NY,NY-Downtown,C2610,Cash,1,27.78,2.29,30.07
TXN10481,2025-11-05,06:34:47,CH,CH-Loop,C4522,Cash,1,16.09,1.33,17.42
TXN10482,2025-11-13,20:33:47,CH,CH-Loop,C9824,Credit Card,7,123.51,10.19,133.7
TXN10483,2025-09-21,12:03:47,NY,NY-Downtown,C5974,Cash,5,175.57,14.48,190.05
TXN10484,2025-10-15,09:33:47,LA,LA-Downtown,C4522,Cash,6,204.64,16.88,221.52
TXN10485,2025-11-16,21:42:47,LA,LA-Santa Monica,C5589,Cash,2,156.24,12.89,169.13
TXN10486,2025-11-14,17:17:47,NY,NY-Downtown,C2441,Credit Card,3,172.79,14.26,187.05
TXN10487,2025-10-24,12:34:47,CH,CH-Wicker Park,C6456,Credit Card,3,75.19999999999999,6.2,81.4
TXN10488,2025-09-23,13:30:47,CH,CH-Wicker Park,C1525,Debit Card,2,69.45,5.73,75.18
TXN10489,2025-11-01,16:04:47,CH,CH-Lincoln Park,C8060,Cash,3,104.3,8.6,112.9
TXN10490,2025-10-03,19:42:47,CH,CH-Loop,C8084,Credit Card,1,36.24,2.99,39.23
TXN10491,2025-08-31,17:50:47,LA,LA-Santa Monica,C2653,Credit Card,4,180.31,14.88,195.19
TXN10492,2025-09-01,07:03:47,NY,NY-Brooklyn,C5963,Cash,1,83.97,6.93,90.9
TXN10493,2025-09-18,18:31:47,NY,NY-Downtown,C4417,Credit Card,1,10.88,0.9,11.78
TXN10494,2025-10-16,06:42:47,LA,LA-Beverly Hills,C7384,Cash,7,159.6,13.17,172.77
TXN10495,2025-10-28,05:31:47,CH,CH-Wicker Park,C3551,Debit Card,1,6.96,0.57,7.53
TXN10496,2025-09-15,21:02:47,NY,NY-Downtown,C3975,Credit Card,2,119.39,9.85,129.24
TXN10497,2025-10-14,09:04:47,NY,NY-Downtown,C9604,Cash,3,87.06,7.18,94.24
TXN10498,2025-09-19,10:20:47,NY,NY-Uptown,C7800,Debit Card,1,10.28,0.85,11.13
TXN10499,2025-11-05,19:22:47,CH,CH-Wicker Park,C2724,Cash,4,121.32999999999998,10.01,131.34
TXN10500,2025-09-29,12:30:47,NY,NY-Brooklyn,C1234,Credit Card,3,103.18,8.51,111.69
TXN10501,2025-09-16,07:07:47,NY,NY-Downtown,C7646,Cash,1,27.31,2.25,29.56
TXN10502,2025-10-25,11:43:47,CH,CH-Lincoln Park,C4052,Cash,1,64.08,5.29,69.37
TXN10503,2025-09-30,16:05:47,LA,LA-Downtown,C1416,Cash,1,18.7,1.54,20.24
TXN10504,2025-11-06,09:20:47,NY,NY-Uptown,C2359,Debit Card,1,52.88,4.36,57.24
TXN10505,2025-11-01,10:39:47,CH,CH-Loop,C9548,Cash,6,250.55999999999997,20.67,271.23
TXN10506,2025-10-21,20:43:47,LA,LA-Santa Monica,C4972,Credit Card,3,53.38,4.4,57.78
TXN10507,2025-10-18,10:55:47,LA,LA-Beverly Hills,C3487,Credit Card,2,93.67,7.73,101.4
TXN10508,2025-09-24,19:23:47,CH,CH-Lincoln Park,C8718,Credit Card,1,11.23,0.93,12.16
TXN10509,2025-09-27,19:33:47,NY,NY-Brooklyn,C6940,Credit Card,4,171.41,14.14,185.55
TXN10510,2025-09-28,21:07:47,CH,CH-Lincoln Park,C2766,Cash,6,314.82,25.97,340.79
TXN10511,2025-11-12,08:50:47,NY,NY-Downtown,C9564,Digital,2,89.4,7.38,96.78
TXN10512,2025-09-02,18:06:47,CH,CH-Wicker Park,C2456,Credit Card,6,144.88000000000002,11.95,156.83
TXN10513,2025-10-10,16:53:47,CH,CH-Wicker Park,C7270,Debit Card,2,72.69,6.0,78.69
TXN10514,2025-09-23,14:08:47,CH,CH-Lincoln Park,C4683,Cash,7,193.65,15.98,209.63
TXN10515,2025-10-24,06:29:47,CH,CH-Loop,C8191,Credit Card,3,134.23,11.07,145.3
TXN10516,2025-10-21,11:40:47,NY,NY-Brooklyn,C1871,Credit Card,6,169.5,13.98,183.48
TXN10517,2025-10-26,19:45:47,CH,CH-Lincoln Park,C6806,Cash,2,69.93,5.77,75.7
TXN10518,2025-09-06,13:50:47,LA,LA-Downtown,C2163,Cash,5,216.06000000000003,17.82,233.88
TXN10519,2025-11-15,07:47:47,LA,LA-Downtown,C7611,Cash,2,71.98,5.94,77.92
TXN10520,2025-11-10,18:05:47,LA,LA-Beverly Hills,C4286,Credit Card,2,25.32,2.09,27.41
TXN10521,2025-09-27,16:55:47,CH,CH-Loop,C1635,Cash,7,146.08,12.05,158.13
TXN10522,2025-11-05,09:05:47,LA,LA-Beverly Hills,C6251,Cash,6,223.24,18.42,241.66
TXN10523,2025-11-04,21:39:47,CH,CH-Wicker Park,C6011,Cash,3,91.72,7.57,99.29
TXN10524,2025-10-31,15:03:47,CH,CH-Wicker Park,C2905,Cash,7,254.28000000000003,20.98,275.26
TXN10525,2025-10-05,06:11:47,NY,NY-Brooklyn,C1684,Debit Card,7,348.18,28.72,376.9
TXN10526,2025-11-26,19:22:47,CH,CH-Wicker Park,C7358,Cash,6,221.36,18.26,239.62
TXN10527,2025-09-21,08:02:47,CH,CH-Loop,C4690,Cash,5,130.21,10.74,140.95
TXN10528,2025-09-21,11:35:47,CH,CH-Wicker Park,C8805,Cash,7,208.54,17.2,225.74
TXN10529,2025-11-10,17:32:47,CH,CH-Wicker Park,C7648,Cash,6,175.26999999999998,14.46,189.73
TXN10530,2025-10-21,18:43:47,CH,CH-Lincoln Park,C8410,Cash,4,103.47000000000001,8.54,112.01
TXN10531,2025-10-06,18:17:47,NY,NY-Downtown,C3553,Cash,2,46.04,3.8,49.84
TXN10532,2025-11-19,17:50:47,NY,NY-Downtown,C2081,Cash,4,152.99,12.62,165.61
TXN10533,2025-10-14,15:51:47,LA,LA-Beverly Hills,C7712,Cash,2,61.47,5.07,66.54
TXN10534,2025-09-18,20:58:47,LA,LA-Downtown,C1326,Debit Card,2,59.28,4.89,64.17
TXN10535,2025-11-12,17:13:47,LA,LA-Downtown,C9105,Credit Card,4,154.27,12.73,167.0
TXN10536,2025-08-31,18:24:47,LA,LA-Beverly Hills,C3140,Cash,3,72.57,5.99,78.56
TXN10537,2025-11-16,06:01:47,CH,CH-Loop,C7955,Cash,2,82.83,6.83,89.66
TXN10538,2025-10-20,15:22:47,LA,LA-Downtown,C3105,Cash,2,47.870000000000005,3.95,51.82
TXN10539,2025-09-11,12:18:47,NY,NY-Uptown,C4818,Cash,5,113.41999999999999,9.36,122.78
TXN10540,2025-09-24,06:59:47,NY,NY-Uptown,C6265,Cash,5,165.31,13.64,178.95
TXN10541,2025-09-27,10:39:47,CH,CH-Wicker Park,C2445,Cash,4,136.60000000000002,11.27,147.87
TXN10542,2025-10-08,16:58:47,CH,CH-Wicker Park,C7069,Credit Card,1,50.4,4.16,54.56
TXN10543,2025-10-31,15:02:47,LA,LA-Beverly Hills,C3474,Cash,6,286.92,23.67,310.59
TXN10544,2025-11-12,10:27:47,NY,NY-Downtown,C9177,Cash,2,25.310000000000002,2.09,27.4
TXN10545,2025-10-23,19:08:47,NY,NY-Uptown,C5740,Digital,1,8.1,0.67,8.77
TXN10546,2025-09-16,12:47:47,LA,LA-Santa Monica,C8028,Cash,1,24.08,1.99,26.07
TXN10547,2025-11-15,08:52:47,NY,NY-Brooklyn,C8696,Cash,6,260.80999999999995,21.52,282.33
TXN10548,2025-08-31,15:46:47,NY,NY-Uptown,C9786,Credit Card,5,166.19,13.71,179.9
TXN10549,2025-09-23,12:13:47,CH,CH-Wicker Park,C8427,Cash,6,123.58,10.2,133.78
TXN10550,2025-10-04,10:51:47,NY,NY-Uptown,C7144,Digital,1,34.92,2.88,37.8
TXN10551,2025-11-07,05:54:47,LA,LA-Downtown,C1915,Cash,2,53.32,4.4,57.72
TXN10552,2025-09-14,20:18:47,NY,NY-Downtown,C1396,Cash,5,96.0,7.92,103.92
TXN10553,2025-09-04,12:44:47,NY,NY-Downtown,C7798,Cash,2,66.2,5.46,71.66
TXN10554,2025-11-07,07:16:47,NY,NY-Brooklyn,C3494,Cash,2,39.51,3.26,42.77
TXN10555,2025-11-05,06:12:47,CH,CH-Wicker Park,C9385,Credit Card,3,38.11,3.14,41.25
TXN10556,2025-10-19,11:25:47,NY,NY-Downtown,C4511,Cash,1,73.26,6.04,79.3
TXN10557,2025-11-12,14:37:47,LA,LA-Santa Monica,C6363,Credit Card,2,55.91,4.61,60.52
TXN10558,2025-10-26,17:52:47,NY,NY-Uptown,C5873,Cash,5,66.50999999999999,5.49,72.0
TXN10559,2025-09-02,08:33:47,NY,NY-Uptown,C5601,Cash,7,314.77,25.97,340.74
TXN10560,2025-10-04,20:26:47,LA,LA-Santa Monica,C3418,Credit Card,7,306.7,25.3,332.0
TXN10561,2025-11-23,20:57:47,CH,CH-Lincoln Park,C3285,Cash,4,153.44,12.66,166.1
TXN10562,2025-09-24,17:19:47,LA,LA-Santa Monica,C4085,Gift Card,5,180.03,14.85,194.88
TXN10563,2025-08-29,22:05:47,NY,NY-Uptown,C9879,Cash,1,53.24,4.39,57.63
TXN10564,2025-11-18,09:06:47,NY,NY-Downtown,C7142,Cash,3,130.45,10.76,141.21
TXN10565,2025-09-24,14:41:47,CH,CH-Wicker Park,C8688,Debit Card,6,238.29000000000002,19.66,257.95
TXN10566,2025-09-02,15:33:47,CH,CH-Wicker Park,C5501,Debit Card,2,45.68,3.77,49.45
TXN10567,2025-11-26,18:05:47,CH,CH-Wicker Park,C7345,Credit Card,3,66.86,5.52,72.38
TXN10568,2025-11-20,11:03:47,LA,LA-Santa Monica,C1387,Cash,2,33.87,2.79,36.66
TXN10569,2025-10-24,20:37:47,CH,CH-Lincoln Park,C5309,Cash,5,148.51,12.25,160.76
TXN10570,2025-10-29,08:04:47,CH,CH-Loop,C7401,Credit Card,1,15.32,1.26,16.58
TXN10571,2025-08-30,16:17:47,CH,CH-Loop,C5047,Cash,6,265.26,21.88,287.14
TXN10572,2025-11-17,19:07:47,CH,CH-Lincoln Park,C7443,Debit Card,7,198.21999999999997,16.35,214.57
TXN10573,2025-10-03,19:55:47,LA,LA-Beverly Hills,C6129,Debit Card,5,290.88,24.0,314.88
TXN10574,2025-10-09,12:50:47,NY,NY-Uptown,C5833,Digital,2,68.86,5.68,74.54
TXN10575,2025-09-22,16:59:47,CH,CH-Wicker Park,C7889,Cash,7,159.95,13.2,173.15
TXN10576,2025-09-23,13:17:47,LA,LA-Downtown,C5656,Gift Card,5,115.96000000000001,9.57,125.53
TXN10577,2025-10-23,12:28:47,NY,NY-Brooklyn,C4804,Credit Card,7,120.64,9.95,130.59
TXN10578,2025-09-10,07:40:47,CH,CH-Lincoln Park,C4782,Cash,6,146.82,12.11,158.93
TXN10579,2025-10-16,20:15:47,CH,CH-Wicker Park,C4745,Cash,6,254.4,20.99,275.39
TXN10580,2025-09-09,10:19:47,CH,CH-Wicker Park,C1854,Credit Card,3,85.00999999999999,7.01,92.02
TXN10581,2025-11-10,10:32:47,CH,CH-Lincoln Park,C3928,Debit Card,2,80.18,6.61,86.79
TXN10582,2025-11-05,09:03:47,LA,LA-Downtown,C1692,Credit Card,6,173.56,14.32,187.88
TXN10583,2025-09-06,17:22:47,NY,NY-Uptown,C8371,Cash,7,208.01,17.16,225.17
TXN10584,2025-11-12,09:55:47,LA,LA-Beverly Hills,C8621,Cash,1,18.14,1.5,19.64
TXN10585,2025-10-15,11:43:47,NY,NY-Uptown,C9397,Digital,2,18.619999999999997,1.54,20.16
TXN10586,2025-11-07,20:16:47,LA,LA-Santa Monica,C7082,Cash,2,9.45,0.78,10.23
TXN10587,2025-09-01,19:39:47,LA,LA-Downtown,C1198,Cash,5,156.36,12.9,169.26
TXN10588,2025-09-15,11:40:47,CH,CH-Loop,C9520,Cash,7,239.87000000000003,19.79,259.66
TXN10589,2025-11-24,14:05:47,CH,CH-Loop,C7630,Cash,1,28.83,2.38,31.21
TXN10590,2025-09-04,15:05:47,LA,LA-Santa Monica,C8752,Debit Card,5,201.67000000000002,16.64,218.31
TXN10591,2025-09-01,15:37:47,NY,NY-Uptown,C2512,Cash,4,62.99,5.2,68.19
TXN10592,2025-11-26,09:17:47,NY,NY-Uptown,C1638,Cash,2,76.21,6.29,82.5
TXN10593,2025-11-11,07:16:47,CH,CH-Loop,C5660,Debit Card,2,79.37,6.55,85.92
TXN10594,2025-09-15,07:43:47,CH,CH-Lincoln Park,C2203,Cash,7,267.63000000000005,22.08,289.71
TXN10595,2025-10-04,15:58:47,LA,LA-Downtown,C7512,Cash,4,120.05,9.9,129.95
TXN10596,2025-10-09,19:22:47,LA,LA-Downtown,C1629,Digital,4,142.98000000000002,11.8,154.78
TXN10597,2025-08-30,16:59:47,LA,LA-Downtown,C3421,Cash,1,70.77,5.84,76.61
TXN10598,2025-10-10,21:31:47,CH,CH-Lincoln Park,C5919,Debit Card,5,234.26,19.33,253.59
TXN10599,2025-11-20,07:06:47,NY,NY-Brooklyn,C1267,Debit Card,3,86.92,7.17,94.09
TXN10600,2025-11-01,15:03:47,CH,CH-Wicker Park,C3651,Cash,5,163.79000000000002,13.51,177.3
TXN10601,2025-10-22,12:00:47,NY,NY-Uptown,C6530,Cash,3,124.25999999999999,10.25,134.51
TXN10602,2025-09-13,22:03:47,CH,CH-Lincoln Park,C6573,Cash,4,150.49,12.42,162.91
TXN10603,2025-10-17,18:20:47,CH,CH-Lincoln Park,C7043,Cash,2,61.57000000000001,5.08,66.65
TXN10604,2025-09-23,06:16:47,LA,LA-Santa Monica,C8756,Cash,3,85.84,7.08,92.92
TXN10605,2025-10-31,15:21:47,CH,CH-Loop,C2640,Credit Card,6,243.03,20.05,263.08
TXN10606,2025-10-14,08:20:47,LA,LA-Beverly Hills,C5530,Cash,1,7.93,0.65,8.58
TXN10607,2025-10-07,08:05:47,CH,CH-Wicker Park,C3774,Debit Card,7,223.95999999999998,18.48,242.44
TXN10608,2025-11-24,21:29:47,LA,LA-Santa Monica,C5080,Credit Card,3,108.03,8.91,116.94
TXN10609,2025-11-15,08:59:47,LA,LA-Beverly Hills,C5530,Credit Card,4,86.03999999999999,7.1,93.14
TXN10610,2025-09-12,05:55:47,NY,NY-Brooklyn,C1976,Cash,6,170.0,14.03,184.03
TXN10611,2025-10-26,21:32:47,NY,NY-Uptown,C7399,Cash,3,45.760000000000005,3.78,49.54
TXN10612,2025-10-02,10:44:47,NY,NY-Uptown,C3370,Debit Card,1,40.2,3.32,43.52
TXN10613,2025-09-12,14:00:47,LA,LA-Downtown,C2031,Cash,1,73.11,6.03,79.14
TXN10614,2025-11-09,08:29:47,LA,LA-Beverly Hills,C9079,Debit Card,7,193.37,15.95,209.32
TXN10615,2025-09-27,18:49:47,NY,NY-Brooklyn,C4878,Cash,5,105.94999999999999,8.74,114.69
TXN10616,2025-11-15,08:19:47,LA,LA-Downtown,C1740,Cash,6,136.2,11.24,147.44
TXN10617,2025-09-20,12:06:47,NY,NY-Downtown,C7887,Cash,4,113.02,9.32,122.34
TXN10618,2025-09-11,08:02:47,NY,NY-Downtown,C1328,Cash,4,108.97,8.99,117.96
TXN10619,2025-09-23,17:32:47,LA,LA-Downtown,C9741,Cash,1,28.57,2.36,30.93
TXN10620,2025-09-12,20:39:47,CH,CH-Wicker Park,C5527,Credit Card,7,268.32,22.14,290.46
TXN10621,2025-10-11,05:16:47,NY,NY-Downtown,C9847,Credit Card,6,219.75,18.13,237.88
TXN10622,2025-10-29,14:45:47,CH,CH-Loop,C7149,Cash,7,166.12000000000003,13.7,179.82
TXN10623,2025-09-03,06:54:47,LA,LA-Santa Monica,C9615,Cash,2,159.36,13.15,172.51
TXN10624,2025-09-21,09:18:47,NY,NY-Uptown,C9671,Debit Card,1,29.18,2.41,31.59
TXN10625,2025-08-29,13:54:47,CH,CH-Lincoln Park,C8059,Digital,6,192.31,15.87,208.18
TXN10626,2025-09-25,08:33:47,LA,LA-Santa Monica,C6811,Cash,1,85.38,7.04,92.42
TXN10627,2025-10-15,15:09:47,NY,NY-Downtown,C5584,Cash,2,47.510000000000005,3.92,51.43
TXN10628,2025-10-05,21:50:47,CH,CH-Wicker Park,C9499,Debit Card,1,38.76,3.2,41.96
TXN10629,2025-09-20,13:35:47,CH,CH-Loop,C6292,Cash,7,161.08,13.29,174.37
TXN10630,2025-09-26,07:10:47,LA,LA-Santa Monica,C9203,Credit Card,1,29.75,2.45,32.2
TXN10631,2025-10-20,22:11:47,NY,NY-Downtown,C1214,Debit Card,2,56.19,4.64,60.83
TXN10632,2025-09-29,17:35:47,LA,LA-Downtown,C2161,Credit Card,3,87.27000000000001,7.2,94.47
TXN10633,2025-09-13,21:54:47,CH,CH-Lincoln Park,C4934,Cash,3,94.91,7.83,102.74
TXN10634,2025-10-25,13:35:47,LA,LA-Beverly Hills,C2572,Cash,3,98.71000000000001,8.14,106.85
TXN10635,2025-09-12,09:41:47,NY,NY-Downtown,C1660,Debit Card,7,293.56,24.22,317.78
TXN10636,2025-09-12,12:33:47,CH,CH-Loop,C2062,Credit Card,4,111.99000000000001,9.24,121.23
TXN10637,2025-10-05,14:50:47,NY,NY-Downtown,C6999,Credit Card,4,209.78,17.31,227.09
TXN10638,2025-11-11,17:54:47,CH,CH-Loop,C7843,Cash,5,119.0,9.82,128.82
TXN10639,2025-09-01,19:25:47,CH,CH-Loop,C2531,Cash,6,326.37,26.93,353.3
TXN10640,2025-11-07,17:50:47,LA,LA-Beverly Hills,C3387,Cash,1,35.44,2.92,38.36
TXN10641,2025-09-22,21:34:47,CH,CH-Lincoln Park,C1917,Gift Card,7,142.45000000000002,11.75,154.2
TXN10642,2025-11-15,13:19:47,LA,LA-Downtown,C9062,Credit Card,7,254.50999999999996,21.0,275.51
TXN10643,2025-11-17,21:13:47,LA,LA-Santa Monica,C2287,Gift Card,5,119.58000000000001,9.87,129.45
TXN10644,2025-11-14,10:14:47,LA,LA-Santa Monica,C6292,Cash,4,204.8,16.9,221.7
TXN10645,2025-09-04,10:09:47,LA,LA-Beverly Hills,C4831,Cash,7,286.89,23.67,310.56
TXN10646,2025-10-22,13:09:47,CH,CH-Loop,C2382,Debit Card,7,308.93999999999994,25.49,334.43
TXN10647,2025-11-21,10:25:47,NY,NY-Brooklyn,C9957,Cash,6,296.61,24.47,321.08
TXN10648,2025-08-31,10:22:47,NY,NY-Uptown,C3933,Credit Card,5,260.63,21.5,282.13
TXN10649,2025-09-28,17:42:47,LA,LA-Beverly Hills,C1489,Cash,7,246.76,20.36,267.12
TXN10650,2025-11-21,17:02:47,LA,LA-Beverly Hills,C7456,Credit Card,3,57.0,4.7,61.7
TXN10651,2025-09-23,09:36:47,CH,CH-Lincoln Park,C6573,Cash,2,111.78999999999999,9.22,121.01
TXN10652,2025-10-19,10:30:47,NY,NY-Brooklyn,C4641,Credit Card,3,168.34,13.89,182.23
TXN10653,2025-10-11,21:52:47,CH,CH-Lincoln Park,C6967,Cash,7,169.77999999999997,14.01,183.79
TXN10654,2025-09-24,17:33:47,NY,NY-Uptown,C6998,Cash,1,8.03,0.66,8.69
TXN10655,2025-11-16,12:06:47,LA,LA-Beverly Hills,C3156,Credit Card,5,228.84000000000003,18.88,247.72
TXN10656,2025-10-29,05:31:47,LA,LA-Santa Monica,C6959,Cash,5,145.17999999999998,11.98,157.16
TXN10657,2025-10-08,14:25:47,CH,CH-Loop,C6308,Cash,5,197.11,16.26,213.37
TXN10658,2025-10-11,20:16:47,CH,CH-Loop,C9442,Credit Card,4,134.79,11.12,145.91
TXN10659,2025-09-19,16:32:47,NY,NY-Downtown,C6256,Cash,7,229.47,18.93,248.4
TXN10660,2025-10-01,16:49:47,CH,CH-Lincoln Park,C2037,Cash,4,234.74,19.37,254.11
TXN10661,2025-10-26,11:26:47,LA,LA-Downtown,C6047,Credit Card,5,182.07999999999998,15.02,197.1
TXN10662,2025-10-02,18:21:47,LA,LA-Downtown,C9634,Credit Card,6,202.9,16.74,219.64
TXN10663,2025-10-31,08:27:47,LA,LA-Downtown,C9978,Debit Card,3,187.9,15.5,203.4
TXN10664,2025-09-22,10:16:47,NY,NY-Uptown,C6254,Credit Card,4,132.06,10.89,142.95
TXN10665,2025-09-12,19:18:47,LA,LA-Santa Monica,C2886,Digital,7,194.76999999999998,16.07,210.84
TXN10666,2025-11-14,07:21:47,NY,NY-Uptown,C5074,Cash,2,80.79,6.67,87.46
TXN10667,2025-09-23,11:16:47,LA,LA-Downtown,C3205,Cash,4,151.17000000000002,12.47,163.64
TXN10668,2025-09-17,14:38:47,NY,NY-Downtown,C9841,Debit Card,5,209.33,17.27,226.6
TXN10669,2025-10-14,17:33:47,NY,NY-Downtown,C8259,Debit Card,3,30.549999999999997,2.52,33.07
TXN10670,2025-09-08,18:41:47,CH,CH-Loop,C1124,Cash,2,96.15,7.93,104.08
TXN10671,2025-09-26,14:16:47,NY,NY-Downtown,C1044,Cash,5,275.97,22.77,298.74
TXN10672,2025-09-12,06:49:47,NY,NY-Downtown,C2772,Credit Card,5,98.98,8.17,107.15
TXN10673,2025-10-11,06:43:47,NY,NY-Downtown,C9711,Cash,4,102.66,8.47,111.13
TXN10674,2025-11-04,16:42:47,LA,LA-Downtown,C3439,Cash,3,95.91,7.91,103.82
TXN10675,2025-09-08,16:51:47,NY,NY-Brooklyn,C1408,Cash,2,28.220000000000002,2.33,30.55
TXN10676,2025-09-06,08:17:47,LA,LA-Downtown,C9222,Cash,4,106.19,8.76,114.95
TXN10677,2025-09-02,14:55:47,CH,CH-Lincoln Park,C5360,Debit Card,4,119.52000000000001,9.86,129.38
TXN10678,2025-09-29,13:07:47,NY,NY-Uptown,C8058,Cash,2,28.340000000000003,2.34,30.68
TXN10679,2025-11-21,09:15:47,NY,NY-Uptown,C1367,Cash,4,91.24000000000001,7.53,98.77
TXN10680,2025-11-05,21:54:47,CH,CH-Lincoln Park,C6246,Debit Card,5,112.44,9.28,121.72
TXN10681,2025-10-28,08:07:47,NY,NY-Downtown,C3585,Cash,1,41.82,3.45,45.27
TXN10682,2025-11-02,20:57:47,CH,CH-Lincoln Park,C5065,Credit Card,5,197.63000000000002,16.3,213.93
TXN10683,2025-09-20,20:32:47,CH,CH-Wicker Park,C7908,Credit Card,2,36.72,3.03,39.75
TXN10684,2025-11-26,15:07:47,CH,CH-Lincoln Park,C6538,Cash,2,31.82,2.63,34.45
TXN10685,2025-09-11,17:23:47,NY,NY-Uptown,C4734,Credit Card,2,70.61,5.83,76.44
TXN10686,2025-11-15,07:10:47,LA,LA-Santa Monica,C3674,Gift Card,4,187.84,15.5,203.34
TXN10687,2025-09-24,18:20:47,NY,NY-Downtown,C6208,Cash,4,78.13,6.45,84.58
TXN10688,2025-11-20,07:09:47,NY,NY-Brooklyn,C8933,Cash,1,53.86,4.44,58.3
TXN10689,2025-09-06,21:22:47,CH,CH-Lincoln Park,C9821,Credit Card,5,271.8,22.42,294.22
TXN10690,2025-11-16,12:58:47,CH,CH-Lincoln Park,C2153,Credit Card,5,176.99,14.6,191.59
TXN10691,2025-10-28,07:41:47,CH,CH-Wicker Park,C6091,Cash,7,239.93,19.79,259.72
TXN10692,2025-10-08,19:09:47,LA,LA-Beverly Hills,C7626,Credit Card,3,154.26999999999998,12.73,167.0
TXN10693,2025-10-16,10:08:47,CH,CH-Loop,C5818,Credit Card,3,70.33,5.8,76.13
TXN10694,2025-09-21,19:41:47,LA,LA-Downtown,C5115,Credit Card,3,121.80000000000001,10.05,131.85
TXN10695,2025-11-05,21:54:47,LA,LA-Santa Monica,C2817,Cash,5,201.99,16.66,218.65
TXN10696,2025-09-19,06:27:47,CH,CH-Lincoln Park,C2256,Cash,7,253.14999999999995,20.88,274.03
TXN10697,2025-09-12,09:26:47,NY,NY-Brooklyn,C9829,Gift Card,3,48.74,4.02,52.76
TXN10698,2025-10-16,11:06:47,NY,NY-Uptown,C1683,Cash,1,43.66,3.6,47.26
TXN10699,2025-09-30,15:59:47,CH,CH-Loop,C3822,Cash,5,211.33,17.43,228.76
TXN10700,2025-10-03,13:30:47,CH,CH-Lincoln Park,C8479,Cash,4,128.94,10.64,139.58
TXN10701,2025-11-01,21:56:47,LA,LA-Downtown,C9191,Credit Card,7,245.98000000000002,20.29,266.27
TXN10702,2025-09-01,18:12:47,NY,NY-Brooklyn,C3879,Cash,2,42.43,3.5,45.93
TXN10703,2025-08-29,05:18:47,CH,CH-Wicker Park,C2393,Cash,4,53.22,4.39,57.61
TXN10704,2025-11-12,22:02:47,NY,NY-Uptown,C7077,Cash,7,248.76999999999998,20.52,269.29
TXN10705,2025-10-06,07:59:47,NY,NY-Brooklyn,C8691,Debit Card,2,148.5,12.25,160.75
TXN10706,2025-09-03,21:53:47,NY,NY-Uptown,C7177,Credit Card,7,210.99000000000004,17.41,228.4
TXN10707,2025-08-31,12:22:47,NY,NY-Downtown,C2222,Cash,6,187.76000000000002,15.49,203.25
TXN10708,2025-09-10,09:31:47,NY,NY-Brooklyn,C9286,Credit Card,4,47.66,3.93,51.59
TXN10709,2025-09-14,06:08:47,CH,CH-Loop,C2476,Cash,7,271.69,22.41,294.1
TXN10710,2025-09-15,18:18:47,LA,LA-Downtown,C8927,Debit Card,7,102.17,8.43,110.6
TXN10711,2025-09-30,08:10:47,CH,CH-Wicker Park,C2354,Credit Card,5,150.5,12.42,162.92
TXN10712,2025-09-25,07:16:47,LA,LA-Beverly Hills,C3480,Cash,3,132.05,10.89,142.94
TXN10713,2025-10-21,21:17:47,LA,LA-Beverly Hills,C6472,Digital,4,223.68,18.45,242.13
TXN10714,2025-09-04,20:06:47,LA,LA-Beverly Hills,C1451,Credit Card,4,63.629999999999995,5.25,68.88
TXN10715,2025-11-22,09:10:47,NY,NY-Downtown,C1312,Digital,1,29.77,2.46,32.23
TXN10716,2025-09-16,16:05:47,LA,LA-Downtown,C3999,Debit Card,6,131.46999999999997,10.85,142.32
TXN10717,2025-10-12,13:42:47,CH,CH-Wicker Park,C7433,Cash,4,200.72,16.56,217.28
TXN10718,2025-10-04,11:33:47,CH,CH-Loop,C6578,Cash,5,112.14999999999999,9.25,121.4
TXN10719,2025-09-16,06:37:47,LA,LA-Santa Monica,C4568,Cash,4,138.31,11.41,149.72
TXN10720,2025-11-21,11:50:47,LA,LA-Beverly Hills,C6129,Credit Card,3,19.95,1.65,21.6
TXN10721,2025-09-30,10:11:47,LA,LA-Santa Monica,C9863,Cash,4,118.15,9.75,127.9
TXN10722,2025-11-08,18:46:47,LA,LA-Santa Monica,C1106,Cash,1,14.93,1.23,16.16
TXN10723,2025-10-04,16:13:47,LA,LA-Beverly Hills,C3065,Credit Card,5,124.62,10.28,134.9
TXN10724,2025-08-29,19:21:47,NY,NY-Uptown,C9592,Debit Card,2,47.42,3.91,51.33
TXN10725,2025-09-13,21:50:47,LA,LA-Downtown,C3743,Cash,3,123.54,10.19,133.73
TXN10726,2025-11-25,08:38:47,CH,CH-Wicker Park,C4538,Cash,1,48.51,4.0,52.51
TXN10727,2025-09-06,17:52:47,NY,NY-Brooklyn,C3547,Debit Card,4,56.870000000000005,4.69,61.56
TXN10728,2025-09-05,13:19:47,LA,LA-Beverly Hills,C1213,Cash,3,214.89,17.73,232.62
TXN10729,2025-09-14,06:54:47,NY,NY-Downtown,C8208,Cash,6,157.04999999999998,12.96,170.01
TXN10730,2025-10-26,19:36:47,LA,LA-Downtown,C5520,Cash,5,214.05,17.66,231.71
TXN10731,2025-09-06,17:39:47,NY,NY-Downtown,C4681,Credit Card,7,209.32,17.27,226.59
TXN10732,2025-11-09,18:36:47,NY,NY-Uptown,C9408,Credit Card,4,116.88,9.64,126.52
TXN10733,2025-11-18,06:48:47,CH,CH-Lincoln Park,C4314,Debit Card,5,160.92,13.28,174.2
TXN10734,2025-09-02,12:18:47,NY,NY-Brooklyn,C1129,Debit Card,7,286.12,23.6,309.72
TXN10735,2025-11-10,16:13:47,CH,CH-Lincoln Park,C2906,Cash,7,251.06,20.71,271.77
TXN10736,2025-10-06,16:10:47,LA,LA-Santa Monica,C4702,Credit Card,1,42.66,3.52,46.18
TXN10737,2025-09-11,05:15:47,CH,CH-Wicker Park,C2970,Credit Card,1,25.0,2.06,27.06
TXN10738,2025-09-08,17:00:47,CH,CH-Lincoln Park,C3418,Cash,5,206.26,17.02,223.28
TXN10739,2025-09-26,19:43:47,LA,LA-Santa Monica,C1595,Credit Card,4,181.45,14.97,196.42
TXN10740,2025-09-01,09:44:47,CH,CH-Loop,C4192,Credit Card,1,37.74,3.11,40.85
TXN10741,2025-09-13,18:15:47,CH,CH-Lincoln Park,C6635,Cash,5,231.27000000000004,19.08,250.35
TXN10742,2025-09-14,16:53:47,LA,LA-Downtown,C3855,Credit Card,2,44.37,3.66,48.03
TXN10743,2025-08-29,14:37:47,LA,LA-Downtown,C2468,Credit Card,7,187.96,15.51,203.47
TXN10744,2025-10-31,19:13:47,CH,CH-Lincoln Park,C2738,Cash,3,115.24,9.51,124.75
TXN10745,2025-11-14,14:30:47,NY,NY-Uptown,C6165,Credit Card,6,152.98,12.62,165.6
TXN10746,2025-09-27,15:03:47,NY,NY-Brooklyn,C8758,Credit Card,2,88.16,7.27,95.43
TXN10747,2025-11-21,16:38:47,NY,NY-Uptown,C3593,Credit Card,7,190.51999999999998,15.72,206.24
TXN10748,2025-11-22,05:18:47,CH,CH-Wicker Park,C8436,Cash,2,52.980000000000004,4.37,57.35
TXN10749,2025-10-19,06:50:47,CH,CH-Lincoln Park,C1463,Cash,2,56.92,4.7,61.62
TXN10750,2025-10-26,15:58:47,CH,CH-Wicker Park,C2983,Cash,4,56.0,4.62,60.62
TXN10751,2025-11-12,07:36:47,NY,NY-Uptown,C8375,Cash,4,112.66,9.29,121.95
TXN10752,2025-10-07,07:40:47,NY,NY-Uptown,C6867,Debit Card,4,101.49000000000001,8.37,109.86
TXN10753,2025-09-15,17:28:47,LA,LA-Santa Monica,C9593,Cash,3,105.23,8.68,113.91
TXN10754,2025-11-16,15:53:47,LA,LA-Beverly Hills,C5234,Debit Card,4,95.02,7.84,102.86
TXN10755,2025-10-03,19:32:47,NY,NY-Brooklyn,C9558,Debit Card,4,187.56,15.47,203.03
TXN10756,2025-11-11,13:20:47,NY,NY-Downtown,C8843,Cash,1,3.7,0.31,4.01
TXN10757,2025-09-03,20:34:47,LA,LA-Downtown,C4660,Cash,3,55.76,4.6,60.36
TXN10758,2025-11-09,07:06:47,NY,NY-Downtown,C9880,Debit Card,7,173.4,14.31,187.71
TXN10759,2025-11-07,16:17:47,NY,NY-Uptown,C7661,Debit Card,2,105.67,8.72,114.39
TXN10760,2025-09-24,08:15:47,LA,LA-Santa Monica,C4741,Credit Card,6,269.03,22.19,291.22
TXN10761,2025-11-05,16:17:47,NY,NY-Downtown,C8675,Debit Card,5,60.91,5.03,65.94
TXN10762,2025-10-24,08:00:47,CH,CH-Loop,C5232,Credit Card,4,134.08,11.06,145.14
TXN10763,2025-10-30,10:29:47,NY,NY-Downtown,C4725,Cash,7,183.49,15.14,198.63
TXN10764,2025-11-05,19:23:47,CH,CH-Lincoln Park,C8953,Credit Card,3,83.76,6.91,90.67
TXN10765,2025-09-29,11:42:47,CH,CH-Loop,C8502,Credit Card,1,4.4,0.36,4.76
TXN10766,2025-11-02,06:29:47,CH,CH-Lincoln Park,C9064,Gift Card,5,41.1,3.39,44.49
TXN10767,2025-10-17,13:29:47,NY,NY-Brooklyn,C5270,Cash,2,52.33,4.32,56.65
TXN10768,2025-11-12,18:08:47,NY,NY-Downtown,C1303,Credit Card,1,58.64,4.84,63.48
TXN10769,2025-10-07,22:07:47,CH,CH-Lincoln Park,C6186,Cash,5,141.06,11.64,152.7
TXN10770,2025-10-21,12:31:47,NY,NY-Uptown,C5683,Debit Card,4,69.03,5.69,74.72
TXN10771,2025-09-12,07:34:47,LA,LA-Santa Monica,C6564,Cash,5,188.07,15.52,203.59
TXN10772,2025-09-10,11:27:47,CH,CH-Loop,C7577,Cash,5,148.76,12.27,161.03
TXN10773,2025-10-06,05:20:47,CH,CH-Loop,C6139,Cash,3,87.53,7.22,94.75
TXN10774,2025-11-03,16:03:47,CH,CH-Lincoln Park,C3998,Credit Card,3,59.78,4.93,64.71
TXN10775,2025-08-31,14:58:47,NY,NY-Downtown,C1326,Cash,5,214.27,17.68,231.95
TXN10776,2025-09-05,13:10:47,LA,LA-Beverly Hills,C7522,Cash,6,127.88,10.55,138.43
TXN10777,2025-11-05,18:24:47,LA,LA-Beverly Hills,C6723,Debit Card,7,248.27000000000004,20.48,268.75
TXN10778,2025-09-21,20:01:47,CH,CH-Wicker Park,C8284,Debit Card,5,311.90999999999997,25.73,337.64
TXN10779,2025-10-20,08:43:47,CH,CH-Wicker Park,C4344,Cash,5,181.02,14.93,195.95
TXN10780,2025-10-07,21:51:47,CH,CH-Loop,C5392,Cash,2,75.19,6.2,81.39
TXN10781,2025-11-17,20:23:47,CH,CH-Lincoln Park,C5656,Cash,3,141.27,11.65,152.92
TXN10782,2025-10-19,13:18:47,CH,CH-Loop,C9918,Debit Card,7,189.85,15.66,205.51
TXN10783,2025-09-20,13:48:47,LA,LA-Beverly Hills,C2590,Cash,7,226.99,18.73,245.72
TXN10784,2025-11-08,14:03:47,CH,CH-Loop,C1708,Debit Card,5,136.0,11.22,147.22
TXN10785,2025-10-18,20:31:47,CH,CH-Lincoln Park,C6034,Digital,5,61.82000000000001,5.1,66.92
TXN10786,2025-10-29,17:33:47,CH,CH-Lincoln Park,C2665,Credit Card,3,80.48,6.64,87.12
TXN10787,2025-09-19,06:14:47,CH,CH-Loop,C6122,Cash,6,207.5,17.12,224.62
TXN10788,2025-09-10,17:21:47,CH,CH-Lincoln Park,C5919,Cash,5,127.38000000000001,10.51,137.89
TXN10789,2025-11-26,19:26:47,LA,LA-Beverly Hills,C8785,Debit Card,5,163.56,13.49,177.05
TXN10790,2025-09-23,05:32:47,CH,CH-Lincoln Park,C2069,Cash,6,234.94,19.38,254.32
TXN10791,2025-10-07,12:27:47,LA,LA-Santa Monica,C7710,Credit Card,5,143.9,11.87,155.77
TXN10792,2025-11-21,21:32:47,LA,LA-Santa Monica,C3350,Credit Card,4,166.36,13.72,180.08
TXN10793,2025-09-07,20:01:47,CH,CH-Lincoln Park,C1486,Credit Card,5,116.39999999999999,9.6,126.0
TXN10794,2025-09-24,21:46:47,LA,LA-Beverly Hills,C2307,Debit Card,1,20.4,1.68,22.08
TXN10795,2025-10-03,15:50:47,NY,NY-Downtown,C3073,Credit Card,5,222.60000000000002,18.36,240.96
TXN10796,2025-11-23,17:15:47,CH,CH-Wicker Park,C5904,Cash,5,130.14,10.74,140.88
TXN10797,2025-09-25,19:27:47,LA,LA-Santa Monica,C4922,Debit Card,6,189.5,15.63,205.13
TXN10798,2025-11-11,20:50:47,NY,NY-Uptown,C1697,Cash,1,23.26,1.92,25.18
TXN10799,2025-11-21,10:07:47,CH,CH-Loop,C9539,Cash,2,83.84,6.92,90.76
TXN10800,2025-09-08,18:05:47,LA,LA-Beverly Hills,C9341,Cash,6,113.19,9.34,122.53
TXN10801,2025-09-11,13:54:47,LA,LA-Downtown,C7746,Cash,1,12.5,1.03,13.53
TXN10802,2025-11-10,06:40:47,LA,LA-Beverly Hills,C4412,Cash,7,206.29,17.02,223.31
TXN10803,2025-11-12,22:02:47,CH,CH-Loop,C8364,Cash,2,63.34,5.23,68.57
TXN10804,2025-08-30,13:20:47,NY,NY-Brooklyn,C1379,Cash,1,25.5,2.1,27.6
TXN10805,2025-09-21,09:39:47,NY,NY-Uptown,C8376,Cash,2,64.65,5.33,69.98
TXN10806,2025-10-27,09:14:47,LA,LA-Beverly Hills,C4524,Cash,1,50.96,4.2,55.16
TXN10807,2025-09-18,13:37:47,NY,NY-Brooklyn,C3362,Credit Card,1,36.78,3.03,39.81
TXN10808,2025-10-03,19:15:47,CH,CH-Wicker Park,C1845,Credit Card,4,154.79,12.77,167.56
TXN10809,2025-09-02,11:33:47,LA,LA-Downtown,C1491,Cash,6,139.45,11.5,150.95
TXN10810,2025-09-05,08:45:47,NY,NY-Downtown,C9964,Cash,7,194.89000000000001,16.08,210.97
TXN10811,2025-09-06,21:07:47,NY,NY-Uptown,C3362,Cash,2,59.93000000000001,4.94,64.87
TXN10812,2025-09-09,17:14:47,NY,NY-Uptown,C5916,Cash,5,121.97000000000001,10.06,132.03
TXN10813,2025-11-08,05:57:47,NY,NY-Uptown,C8181,Debit Card,7,301.92,24.91,326.83
TXN10814,2025-11-21,07:50:47,NY,NY-Brooklyn,C9353,Cash,3,135.89,11.21,147.1
TXN10815,2025-10-23,13:42:47,NY,NY-Brooklyn,C9055,Cash,2,13.51,1.11,14.62
TXN10816,2025-11-24,10:09:47,NY,NY-Uptown,C9503,Debit Card,1,2.05,0.17,2.22
TXN10817,2025-10-16,13:04:47,LA,LA-Downtown,C8483,Credit Card,4,117.14000000000001,9.66,126.8
TXN10818,2025-11-11,20:01:47,CH,CH-Wicker Park,C9972,Cash,1,19.78,1.63,21.41
TXN10819,2025-10-22,20:30:47,LA,LA-Santa Monica,C5002,Cash,1,10.3,0.85,11.15
TXN10820,2025-10-25,08:13:47,NY,NY-Brooklyn,C1197,Debit Card,3,88.05,7.26,95.31
TXN10821,2025-09-06,16:27:47,LA,LA-Santa Monica,C3281,Cash,4,151.01999999999998,12.46,163.48
TXN10822,2025-11-06,07:58:47,CH,CH-Loop,C2551,Debit Card,6,136.15,11.23,147.38
TXN10823,2025-11-08,09:49:47,CH,CH-Lincoln Park,C6668,Cash,1,67.56,5.57,73.13
TXN10824,2025-11-09,05:32:47,CH,CH-Lincoln Park,C7987,Cash,1,18.84,1.55,20.39
TXN10825,2025-10-20,05:17:47,NY,NY-Downtown,C5236,Credit Card,5,97.06,8.01,105.07
TXN10826,2025-10-07,18:00:47,NY,NY-Uptown,C6995,Credit Card,2,127.74000000000001,10.54,138.28
TXN10827,2025-10-31,12:00:47,LA,LA-Beverly Hills,C1062,Debit Card,3,70.06,5.78,75.84
TXN10828,2025-11-02,18:08:47,LA,LA-Downtown,C3615,Debit Card,3,137.46,11.34,148.8
TXN10829,2025-11-11,06:54:47,NY,NY-Uptown,C6509,Cash,4,62.41,5.15,67.56
TXN10830,2025-11-18,19:07:47,LA,LA-Downtown,C4204,Credit Card,3,158.85,13.11,171.96
TXN10831,2025-11-06,07:47:47,NY,NY-Uptown,C1834,Cash,7,263.36,21.73,285.09
TXN10832,2025-10-07,21:41:47,NY,NY-Downtown,C4303,Cash,1,29.64,2.45,32.09
TXN10833,2025-09-11,19:49:47,CH,CH-Wicker Park,C4438,Credit Card,1,28.29,2.33,30.62
TXN10834,2025-10-06,21:06:47,NY,NY-Downtown,C6532,Cash,6,185.49,15.3,200.79
TXN10835,2025-11-04,10:59:47,NY,NY-Downtown,C2834,Cash,2,115.52000000000001,9.53,125.05
TXN10836,2025-10-21,08:41:47,NY,NY-Brooklyn,C7294,Credit Card,1,5.9,0.49,6.39
TXN10837,2025-09-30,20:45:47,NY,NY-Brooklyn,C3780,Cash,3,90.44,7.46,97.9
TXN10838,2025-11-20,13:56:47,LA,LA-Santa Monica,C7265,Credit Card,2,71.91,5.93,77.84
TXN10839,2025-11-07,17:08:47,LA,LA-Beverly Hills,C8869,Cash,4,151.04,12.46,163.5
TXN10840,2025-08-30,11:26:47,LA,LA-Santa Monica,C5015,Digital,7,274.76,22.67,297.43
TXN10841,2025-09-27,15:28:47,LA,LA-Downtown,C7891,Cash,1,57.4,4.74,62.14
TXN10842,2025-10-01,09:45:47,CH,CH-Wicker Park,C7058,Credit Card,7,209.24,17.26,226.5
TXN10843,2025-10-03,19:03:47,LA,LA-Beverly Hills,C2002,Cash,3,66.48,5.48,71.96
TXN10844,2025-09-25,08:45:47,LA,LA-Beverly Hills,C8351,Digital,5,238.07999999999996,19.64,257.72
TXN10845,2025-10-21,18:30:47,NY,NY-Downtown,C8785,Cash,4,115.03999999999999,9.49,124.53
TXN10846,2025-11-14,06:40:47,CH,CH-Wicker Park,C8770,Cash,3,158.01999999999998,13.04,171.06
TXN10847,2025-09-23,19:01:47,NY,NY-Uptown,C9633,Credit Card,4,155.65000000000003,12.84,168.49
TXN10848,2025-10-01,10:08:47,NY,NY-Uptown,C3693,Cash,4,143.52,11.84,155.36
TXN10849,2025-09-05,14:24:47,CH,CH-Wicker Park,C3952,Cash,3,123.41000000000001,10.18,133.59
TXN10850,2025-10-20,05:20:47,LA,LA-Santa Monica,C1644,Credit Card,3,92.4,7.62,100.02
TXN10851,2025-10-11,05:16:47,LA,LA-Downtown,C5565,Cash,2,66.56,5.49,72.05
TXN10852,2025-10-24,18:29:47,CH,CH-Loop,C2931,Cash,5,169.60000000000002,13.99,183.59
TXN10853,2025-10-17,12:36:47,CH,CH-Loop,C9939,Cash,7,293.52000000000004,24.22,317.74
TXN10854,2025-08-30,08:50:47,NY,NY-Brooklyn,C1566,Cash,2,60.68,5.01,65.69
TXN10855,2025-11-11,12:25:47,NY,NY-Uptown,C6429,Digital,2,16.65,1.37,18.02
TXN10856,2025-10-12,06:21:47,CH,CH-Wicker Park,C3657,Cash,3,166.22,13.71,179.93
TXN10857,2025-10-05,12:39:47,NY,NY-Brooklyn,C4776,Cash,1,56.04,4.62,60.66
TXN10858,2025-09-13,10:07:47,LA,LA-Beverly Hills,C2602,Cash,5,127.94,10.56,138.5
TXN10859,2025-11-12,09:25:47,LA,LA-Beverly Hills,C9334,Cash,2,53.269999999999996,4.39,57.66
TXN10860,2025-11-17,17:30:47,LA,LA-Santa Monica,C9733,Debit Card,2,38.36,3.16,41.52
TXN10861,2025-10-02,16:09:47,NY,NY-Uptown,C3286,Cash,2,35.46,2.93,38.39
TXN10862,2025-09-10,08:33:47,NY,NY-Brooklyn,C9892,Debit Card,5,149.43,12.33,161.76
TXN10863,2025-10-29,20:16:47,LA,LA-Beverly Hills,C3053,Credit Card,7,244.54000000000002,20.17,264.71
TXN10864,2025-11-21,10:37:47,LA,LA-Santa Monica,C5025,Debit Card,6,170.07,14.03,184.1
TXN10865,2025-10-03,07:32:47,CH,CH-Wicker Park,C8264,Cash,1,43.3,3.57,46.87
TXN10866,2025-09-03,09:40:47,LA,LA-Santa Monica,C6248,Cash,7,230.53000000000003,19.02,249.55
TXN10867,2025-10-19,13:39:47,NY,NY-Brooklyn,C7374,Credit Card,7,243.32000000000002,20.07,263.39
TXN10868,2025-10-12,14:11:47,LA,LA-Santa Monica,C4414,Debit Card,2,80.31,6.63,86.94
TXN10869,2025-09-30,14:25:47,CH,CH-Loop,C5379,Debit Card,4,130.94,10.8,141.74
TXN10870,2025-09-07,20:24:47,NY,NY-Uptown,C8892,Cash,7,215.33999999999997,17.77,233.11
TXN10871,2025-10-02,10:19:47,LA,LA-Downtown,C9561,Cash,3,61.42,5.07,66.49
TXN10872,2025-10-01,13:27:47,LA,LA-Santa Monica,C7107,Cash,4,210.59,17.37,227.96
TXN10873,2025-11-03,06:17:47,NY,NY-Uptown,C4456,Cash,6,80.69,6.66,87.35
TXN10874,2025-08-31,17:44:47,CH,CH-Loop,C9307,Cash,2,89.25,7.36,96.61
TXN10875,2025-10-23,15:27:47,CH,CH-Lincoln Park,C2002,Credit Card,7,245.71999999999997,20.27,265.99
TXN10876,2025-09-06,18:02:47,NY,NY-Brooklyn,C9774,Debit Card,6,135.09,11.14,146.23
TXN10877,2025-11-24,13:10:47,NY,NY-Brooklyn,C1032,Credit Card,3,61.67,5.09,66.76
TXN10878,2025-10-15,13:52:47,CH,CH-Loop,C9224,Digital,3,176.84,14.59,191.43
TXN10879,2025-08-29,17:54:47,LA,LA-Downtown,C3325,Cash,2,113.17,9.34,122.51
TXN10880,2025-11-20,21:19:47,LA,LA-Santa Monica,C3848,Cash,4,133.9,11.05,144.95
TXN10881,2025-11-20,15:07:47,LA,LA-Downtown,C6552,Cash,1,19.26,1.59,20.85
TXN10882,2025-11-09,10:55:47,CH,CH-Lincoln Park,C2840,Credit Card,1,39.36,3.25,42.61
TXN10883,2025-11-13,18:08:47,NY,NY-Downtown,C4012,Credit Card,4,107.81,8.89,116.7
TXN10884,2025-11-19,13:35:47,CH,CH-Wicker Park,C5362,Debit Card,4,49.669999999999995,4.1,53.77
TXN10885,2025-11-09,19:39:47,CH,CH-Loop,C5561,Cash,4,156.77,12.93,169.7
TXN10886,2025-11-23,05:29:47,LA,LA-Downtown,C6085,Cash,5,107.87,8.9,116.77
TXN10887,2025-11-09,21:12:47,CH,CH-Loop,C7729,Cash,1,37.86,3.12,40.98
TXN10888,2025-11-09,09:14:47,LA,LA-Beverly Hills,C4068,Cash,4,196.02,16.17,212.19
TXN10889,2025-10-15,18:14:47,LA,LA-Santa Monica,C2103,Cash,5,151.23,12.48,163.71
TXN10890,2025-10-07,13:08:47,NY,NY-Uptown,C3479,Credit Card,5,134.35999999999999,11.08,145.44
TXN10891,2025-09-05,21:25:47,NY,NY-Uptown,C5276,Debit Card,1,14.68,1.21,15.89
TXN10892,2025-11-08,17:22:47,CH,CH-Wicker Park,C1849,Debit Card,7,153.26999999999998,12.64,165.91
TXN10893,2025-10-31,20:45:47,NY,NY-Brooklyn,C5815,Cash,4,59.76,4.93,64.69
TXN10894,2025-10-07,14:08:47,LA,LA-Beverly Hills,C9757,Cash,1,29.54,2.44,31.98
TXN10895,2025-10-21,10:03:47,NY,NY-Uptown,C8720,Gift Card,1,32.97,2.72,35.69
TXN10896,2025-11-17,07:12:47,CH,CH-Wicker Park,C6800,Debit Card,3,103.21,8.51,111.72
TXN10897,2025-11-02,05:36:47,LA,LA-Downtown,C3919,Credit Card,6,240.38,19.83,260.21
TXN10898,2025-09-08,05:57:47,NY,NY-Brooklyn,C1338,Cash,7,251.83999999999997,20.78,272.62
TXN10899,2025-11-01,22:11:47,NY,NY-Uptown,C7542,Cash,5,72.61,5.99,78.6
TXN10900,2025-09-28,10:56:47,NY,NY-Downtown,C1929,Credit Card,4,180.5,14.89,195.39
TXN10901,2025-11-05,10:12:47,CH,CH-Loop,C7361,Cash,7,227.81,18.79,246.6
TXN10902,2025-11-03,17:17:47,LA,LA-Santa Monica,C3117,Cash,1,8.67,0.72,9.39
TXN10903,2025-11-04,07:55:47,CH,CH-Lincoln Park,C2937,Cash,1,78.18,6.45,84.63
TXN10904,2025-09-19,07:05:47,CH,CH-Loop,C7007,Credit Card,2,74.85,6.18,81.03
TXN10905,2025-09-27,08:50:47,CH,CH-Loop,C8593,Digital,1,44.12,3.64,47.76
TXN10906,2025-10-12,21:13:47,LA,LA-Downtown,C7224,Cash,7,232.15,19.15,251.3
TXN10907,2025-08-30,13:05:47,LA,LA-Santa Monica,C3112,Debit Card,7,143.94,11.88,155.82
TXN10908,2025-09-20,13:33:47,NY,NY-Downtown,C2309,Cash,3,56.83,4.69,61.52
TXN10909,2025-11-19,21:54:47,CH,CH-Wicker Park,C4041,Cash,6,290.44,23.96,314.4
TXN10910,2025-09-18,05:52:47,LA,LA-Beverly Hills,C1654,Cash,2,82.93,6.84,89.77
TXN10911,2025-09-21,09:34:47,NY,NY-Downtown,C2156,Debit Card,7,193.35000000000002,15.95,209.3
TXN10912,2025-11-14,21:23:47,CH,CH-Loop,C1061,Credit Card,4,153.44,12.66,166.1
TXN10913,2025-10-18,14:29:47,NY,NY-Brooklyn,C5874,Cash,7,203.66000000000003,16.8,220.46
TXN10914,2025-09-04,10:11:47,LA,LA-Beverly Hills,C8957,Cash,6,228.74,18.87,247.61
TXN10915,2025-11-19,11:20:47,CH,CH-Loop,C2652,Gift Card,6,272.52,22.48,295.0
TXN10916,2025-09-18,07:56:47,NY,NY-Uptown,C9411,Credit Card,5,256.53,21.16,277.69
TXN10917,2025-11-01,21:23:47,NY,NY-Downtown,C7337,Cash,6,202.51999999999998,16.71,219.23
TXN10918,2025-09-22,12:14:47,CH,CH-Lincoln Park,C7530,Cash,4,97.38,8.03,105.41
TXN10919,2025-10-09,16:02:47,LA,LA-Beverly Hills,C7798,Cash,2,64.03999999999999,5.28,69.32
TXN10920,2025-11-04,09:32:47,CH,CH-Loop,C4823,Cash,4,71.9,5.93,77.83
TXN10921,2025-10-08,21:09:47,NY,NY-Brooklyn,C5387,Cash,1,22.26,1.84,24.1
TXN10922,2025-09-17,11:46:47,CH,CH-Lincoln Park,C1498,Cash,1,53.97,4.45,58.42
TXN10923,2025-11-14,14:01:47,NY,NY-Downtown,C6798,Cash,5,183.62,15.15,198.77
TXN10924,2025-10-16,20:33:47,CH,CH-Loop,C3292,Credit Card,4,153.14,12.63,165.77
TXN10925,2025-10-10,21:31:47,CH,CH-Loop,C7885,Cash,7,233.36,19.25,252.61
TXN10926,2025-09-18,12:55:47,NY,NY-Downtown,C2416,Digital,4,167.71,13.84,181.55
TXN10927,2025-10-15,08:05:47,CH,CH-Loop,C1927,Cash,5,164.93,13.61,178.54
TXN10928,2025-09-02,18:34:47,LA,LA-Downtown,C5956,Cash,6,231.86,19.13,250.99
TXN10929,2025-10-15,21:52:47,CH,CH-Wicker Park,C1456,Cash,4,53.489999999999995,4.41,57.9
TXN10930,2025-11-17,16:01:47,NY,NY-Brooklyn,C4784,Debit Card,5,148.10999999999999,12.22,160.33
TXN10931,2025-09-26,14:11:47,CH,CH-Wicker Park,C2533,Credit Card,7,154.58999999999997,12.75,167.34
TXN10932,2025-11-04,20:53:47,CH,CH-Wicker Park,C8919,Debit Card,2,77.14,6.36,83.5
TXN10933,2025-09-04,09:02:47,NY,NY-Downtown,C4799,Digital,7,231.8,19.12,250.92
TXN10934,2025-10-22,18:33:47,NY,NY-Downtown,C3624,Cash,2,40.9,3.37,44.27
TXN10935,2025-11-13,09:56:47,LA,LA-Santa Monica,C7374,Cash,4,114.47999999999999,9.44,123.92
TXN10936,2025-09-01,20:12:47,NY,NY-Uptown,C3712,Cash,4,120.63,9.95,130.58
TXN10937,2025-09-07,21:56:47,NY,NY-Uptown,C8856,Credit Card,1,19.26,1.59,20.85
TXN10938,2025-10-17,06:59:47,CH,CH-Lincoln Park,C4954,Debit Card,2,76.68,6.33,83.01
TXN10939,2025-09-23,06:05:47,NY,NY-Uptown,C4607,Digital,6,184.53000000000003,15.22,199.75
TXN10940,2025-10-02,06:18:47,NY,NY-Brooklyn,C6741,Cash,4,166.58999999999997,13.74,180.33
TXN10941,2025-09-06,19:33:47,LA,LA-Beverly Hills,C3587,Cash,3,153.12,12.63,165.75
TXN10942,2025-11-18,10:45:47,CH,CH-Lincoln Park,C5441,Cash,3,145.59,12.01,157.6
TXN10943,2025-10-04,14:10:47,CH,CH-Lincoln Park,C2371,Cash,2,22.36,1.84,24.2
TXN10944,2025-10-15,20:32:47,CH,CH-Loop,C9471,Cash,1,64.5,5.32,69.82
TXN10945,2025-10-27,15:27:47,NY,NY-Downtown,C9119,Debit Card,1,36.64,3.02,39.66
TXN10946,2025-11-20,18:41:47,NY,NY-Brooklyn,C6244,Cash,6,171.26,14.13,185.39
TXN10947,2025-10-22,14:22:47,LA,LA-Beverly Hills,C6490,Debit Card,4,186.91,15.42,202.33
TXN10948,2025-11-26,05:57:47,LA,LA-Santa Monica,C3885,Cash,6,96.28000000000002,7.94,104.22
TXN10949,2025-09-04,16:38:47,NY,NY-Brooklyn,C5881,Cash,6,125.55000000000001,10.36,135.91
TXN10950,2025-11-15,19:41:47,NY,NY-Downtown,C7623,Cash,5,136.64000000000001,11.27,147.91
TXN10951,2025-10-15,15:50:47,NY,NY-Uptown,C7452,Cash,4,186.94,15.42,202.36
TXN10952,2025-10-23,15:56:47,NY,NY-Uptown,C6308,Cash,5,200.25,16.52,216.77
TXN10953,2025-10-02,11:56:47,LA,LA-Beverly Hills,C8567,Cash,5,151.67,12.51,164.18
TXN10954,2025-09-09,05:29:47,NY,NY-Uptown,C3159,Debit Card,4,136.01,11.22,147.23
TXN10955,2025-09-13,14:39:47,NY,NY-Brooklyn,C8397,Credit Card,7,200.07999999999998,16.51,216.59
TXN10956,2025-11-23,05:40:47,CH,CH-Wicker Park,C1555,Cash,3,78.78999999999999,6.5,85.29
TXN10957,2025-09-08,11:28:47,NY,NY-Uptown,C9937,Digital,2,135.84,11.21,147.05
TXN10958,2025-11-25,13:19:47,CH,CH-Loop,C5783,Digital,7,264.0,21.78,285.78
TXN10959,2025-09-16,09:08:47,NY,NY-Uptown,C2601,Cash,6,146.96,12.12,159.08
TXN10960,2025-11-11,15:13:47,NY,NY-Downtown,C9357,Cash,4,138.87,11.46,150.33
TXN10961,2025-10-15,20:38:47,LA,LA-Beverly Hills,C9180,Cash,1,24.07,1.99,26.06
TXN10962,2025-10-06,08:56:47,LA,LA-Santa Monica,C4039,Credit Card,3,55.89999999999999,4.61,60.51
TXN10963,2025-10-17,07:40:47,CH,CH-Lincoln Park,C5520,Debit Card,3,87.02,7.18,94.2
TXN10964,2025-11-03,22:12:47,LA,LA-Beverly Hills,C3386,Cash,3,89.99000000000001,7.42,97.41
TXN10965,2025-09-21,19:54:47,CH,CH-Loop,C7897,Cash,4,99.64,8.22,107.86
TXN10966,2025-09-21,13:16:47,CH,CH-Wicker Park,C6864,Cash,7,106.14,8.76,114.9
TXN10967,2025-11-14,14:16:47,NY,NY-Uptown,C8608,Cash,6,161.27999999999997,13.31,174.59
TXN10968,2025-11-04,12:15:47,NY,NY-Brooklyn,C6397,Cash,1,11.18,0.92,12.1
TXN10969,2025-09-29,14:18:47,CH,CH-Lincoln Park,C1596,Debit Card,2,97.68,8.06,105.74
TXN10970,2025-09-20,07:55:47,CH,CH-Wicker Park,C6294,Credit Card,5,173.85,14.34,188.19
TXN10971,2025-10-12,21:04:47,LA,LA-Downtown,C6215,Credit Card,6,143.61999999999998,11.85,155.47
TXN10972,2025-09-16,19:40:47,NY,NY-Downtown,C4017,Cash,5,166.47,13.73,180.2
TXN10973,2025-09-28,10:11:47,LA,LA-Santa Monica,C1244,Cash,5,255.59000000000003,21.09,276.68
TXN10974,2025-09-18,13:24:47,LA,LA-Beverly Hills,C2425,Cash,7,222.74999999999997,18.38,241.13
TXN10975,2025-10-20,19:48:47,NY,NY-Downtown,C1540,Cash,2,22.75,1.88,24.63
TXN10976,2025-09-25,09:07:47,NY,NY-Brooklyn,C3477,Cash,1,47.68,3.93,51.61
TXN10977,2025-09-03,18:20:47,CH,CH-Wicker Park,C6064,Cash,5,131.64,10.86,142.5
TXN10978,2025-08-29,19:51:47,CH,CH-Loop,C5015,Cash,3,79.47,6.56,86.03
TXN10979,2025-10-24,06:04:47,CH,CH-Loop,C8238,Credit Card,7,227.42999999999998,18.76,246.19
TXN10980,2025-09-01,17:54:47,LA,LA-Downtown,C2372,Cash,3,40.05,3.3,43.35
TXN10981,2025-09-08,15:08:47,NY,NY-Brooklyn,C6515,Cash,1,28.28,2.33,30.61
TXN10982,2025-09-29,10:09:47,NY,NY-Brooklyn,C9771,Credit Card,2,66.86,5.52,72.38
TXN10983,2025-10-01,08:45:47,CH,CH-Wicker Park,C5581,Cash,6,187.26,15.45,202.71
TXN10984,2025-10-08,16:28:47,NY,NY-Uptown,C7022,Digital,3,129.08,10.65,139.73
TXN10985,2025-09-13,05:33:47,LA,LA-Downtown,C7276,Cash,1,16.86,1.39,18.25
TXN10986,2025-11-05,16:08:47,NY,NY-Downtown,C3938,Debit Card,1,48.32,3.99,52.31
TXN10987,2025-11-13,13:01:47,LA,LA-Downtown,C1102,Cash,4,152.06,12.54,164.6
TXN10988,2025-10-04,16:45:47,CH,CH-Wicker Park,C9678,Cash,2,57.779999999999994,4.77,62.55
TXN10989,2025-09-15,07:32:47,LA,LA-Downtown,C7466,Credit Card,2,92.93,7.67,100.6
TXN10990,2025-10-30,18:03:47,CH,CH-Lincoln Park,C3482,Cash,2,66.8,5.51,72.31
TXN10991,2025-09-01,07:11:47,CH,CH-Wicker Park,C5148,Cash,5,166.21,13.71,179.92
TXN10992,2025-11-14,15:11:47,LA,LA-Downtown,C1983,Cash,5,154.92,12.78,167.7
TXN10993,2025-11-06,06:27:47,CH,CH-Wicker Park,C7249,Cash,6,194.16,16.02,210.18
TXN10994,2025-10-04,19:21:47,LA,LA-Beverly Hills,C2682,Cash,1,6.96,0.57,7.53
TXN10995,2025-10-19,21:58:47,CH,CH-Wicker Park,C4308,Credit Card,4,190.22,15.69,205.91
TXN10996,2025-11-21,11:24:47,LA,LA-Santa Monica,C4106,Cash,1,33.93,2.8,36.73
TXN10997,2025-09-30,16:55:47,CH,CH-Loop,C1709,Credit Card,4,258.28,21.31,279.59
TXN10998,2025-09-06,15:48:47,LA,LA-Beverly Hills,C3696,Cash,4,155.86,12.86,168.72
TXN10999,2025-10-08,10:09:47,CH,CH-Lincoln Park,C2899,Debit Card,4,134.16,11.07,145.23
TXN11000,2025-09-13,21:32:47,NY,NY-Uptown,C2971,Cash,6,301.55,24.88,326.43
TXN11001,2025-11-23,20:20:47,LA,LA-Beverly Hills,C7223,Credit Card,4,118.73,9.8,128.53
TXN11002,2025-11-24,16:26:47,LA,LA-Downtown,C3480,Cash,6,327.28999999999996,27.0,354.29
TXN11003,2025-10-21,05:15:47,CH,CH-Loop,C2766,Cash,3,104.78,8.64,113.42
TXN11004,2025-10-04,17:44:47,CH,CH-Loop,C9826,Debit Card,4,199.98,16.5,216.48
TXN11005,2025-10-10,14:08:47,CH,CH-Loop,C3346,Gift Card,4,149.07999999999998,12.3,161.38
TXN11006,2025-10-31,08:39:47,CH,CH-Loop,C5565,Credit Card,6,212.26999999999998,17.51,229.78
TXN11007,2025-09-06,15:48:47,CH,CH-Loop,C8266,Credit Card,1,83.55,6.89,90.44
TXN11008,2025-10-21,18:19:47,NY,NY-Uptown,C4474,Cash,5,239.07999999999998,19.72,258.8
TXN11009,2025-11-23,12:14:47,CH,CH-Lincoln Park,C8772,Cash,2,28.520000000000003,2.35,30.87
TXN11010,2025-10-20,16:55:47,NY,NY-Brooklyn,C7505,Cash,7,196.26999999999998,16.19,212.46
TXN11011,2025-09-08,18:06:47,LA,LA-Santa Monica,C7349,Cash,6,143.21,11.81,155.02
TXN11012,2025-10-10,20:49:47,CH,CH-Loop,C3314,Credit Card,7,255.3,21.06,276.36
TXN11013,2025-11-12,11:15:47,NY,NY-Downtown,C1376,Credit Card,2,41.91,3.46,45.37
TXN11014,2025-10-19,16:23:47,NY,NY-Downtown,C9167,Cash,2,14.98,1.24,16.22
TXN11015,2025-11-18,11:15:47,NY,NY-Uptown,C7020,Credit Card,4,209.57999999999998,17.29,226.87
TXN11016,2025-10-20,20:30:47,NY,NY-Brooklyn,C9301,Cash,4,184.55999999999997,15.23,199.79
TXN11017,2025-09-23,14:49:47,CH,CH-Loop,C9321,Credit Card,3,92.74000000000001,7.65,100.39
TXN11018,2025-11-14,14:29:47,NY,NY-Brooklyn,C6658,Cash,7,190.99,15.76,206.75
TXN11019,2025-11-22,05:29:47,CH,CH-Loop,C4030,Cash,2,50.57,4.17,54.74
TXN11020,2025-11-08,08:33:47,NY,NY-Uptown,C4809,Cash,1,58.92,4.86,63.78
TXN11021,2025-09-26,20:53:47,LA,LA-Santa Monica,C8067,Cash,6,145.92000000000002,12.04,157.96
TXN11022,2025-09-03,07:51:47,NY,NY-Uptown,C3300,Cash,4,157.69,13.01,170.7
TXN11023,2025-09-09,16:07:47,LA,LA-Beverly Hills,C6091,Digital,6,133.10000000000002,10.98,144.08
TXN11024,2025-10-10,06:59:47,LA,LA-Downtown,C7565,Credit Card,5,231.13,19.07,250.2
TXN11025,2025-10-06,16:16:47,CH,CH-Loop,C1258,Credit Card,7,141.79000000000002,11.7,153.49
TXN11026,2025-10-20,09:57:47,CH,CH-Loop,C5033,Debit Card,4,187.9,15.5,203.4
TXN11027,2025-10-18,08:04:47,LA,LA-Beverly Hills,C7181,Cash,4,39.68,3.27,42.95
TXN11028,2025-11-03,12:49:47,LA,LA-Downtown,C1778,Credit Card,2,51.269999999999996,4.23,55.5
TXN11029,2025-10-02,05:52:47,CH,CH-Loop,C9960,Cash,6,194.6,16.05,210.65
TXN11030,2025-09-19,17:04:47,NY,NY-Downtown,C6793,Cash,5,265.2,21.88,287.08
TXN11031,2025-09-14,07:30:47,CH,CH-Wicker Park,C6983,Cash,1,29.56,2.44,32.0
TXN11032,2025-09-01,15:20:47,NY,NY-Downtown,C9208,Cash,5,201.54000000000002,16.63,218.17
TXN11033,2025-11-01,19:02:47,NY,NY-Uptown,C9597,Cash,3,44.9,3.7,48.6
TXN11034,2025-10-29,15:06:47,NY,NY-Downtown,C4578,Credit Card,2,71.66,5.91,77.57
TXN11035,2025-08-29,14:57:47,NY,NY-Downtown,C7348,Debit Card,4,118.39999999999999,9.77,128.17
TXN11036,2025-11-12,22:11:47,LA,LA-Santa Monica,C3378,Cash,5,209.8,17.31,227.11
TXN11037,2025-11-11,08:19:47,CH,CH-Lincoln Park,C8353,Cash,5,206.64,17.05,223.69
TXN11038,2025-11-16,06:34:47,NY,NY-Downtown,C7840,Cash,1,39.76,3.28,43.04
TXN11039,2025-10-13,22:01:47,NY,NY-Brooklyn,C4461,Credit Card,6,200.45,16.54,216.99
TXN11040,2025-11-04,06:39:47,CH,CH-Loop,C6702,Credit Card,1,36.76,3.03,39.79
TXN11041,2025-09-22,10:21:47,LA,LA-Santa Monica,C4568,Debit Card,6,160.83,13.27,174.1
TXN11042,2025-11-14,09:23:47,LA,LA-Beverly Hills,C1863,Cash,7,251.24,20.73,271.97
TXN11043,2025-11-14,12:14:47,LA,LA-Downtown,C8708,Cash,6,220.55,18.2,238.75
TXN11044,2025-09-22,18:42:47,NY,NY-Uptown,C3953,Credit Card,1,22.87,1.89,24.76
TXN11045,2025-10-07,09:55:47,NY,NY-Brooklyn,C2488,Cash,7,265.79999999999995,21.93,287.73
TXN11046,2025-09-13,21:41:47,CH,CH-Loop,C1914,Digital,4,151.62,12.51,164.13
TXN11047,2025-11-02,10:38:47,NY,NY-Brooklyn,C6006,Debit Card,7,274.84000000000003,22.67,297.51
TXN11048,2025-09-14,13:55:47,CH,CH-Loop,C9318,Cash,4,169.35000000000002,13.97,183.32
TXN11049,2025-10-23,17:05:47,LA,LA-Santa Monica,C8705,Cash,6,181.83,15.0,196.83
TXN11050,2025-10-19,15:16:47,LA,LA-Beverly Hills,C1364,Cash,5,164.03,13.53,177.56
TXN11051,2025-10-23,06:19:47,LA,LA-Downtown,C5271,Cash,1,33.3,2.75,36.05
TXN11052,2025-10-25,08:35:47,LA,LA-Beverly Hills,C8126,Debit Card,4,149.42000000000002,12.33,161.75
TXN11053,2025-11-10,21:34:47,NY,NY-Uptown,C4757,Cash,1,42.3,3.49,45.79
TXN11054,2025-10-30,15:33:47,NY,NY-Downtown,C7671,Debit Card,6,217.99,17.98,235.97
TXN11055,2025-11-08,06:56:47,LA,LA-Santa Monica,C1025,Cash,3,156.55,12.92,169.47
TXN11056,2025-10-05,22:09:47,LA,LA-Santa Monica,C2454,Debit Card,6,139.1,11.48,150.58
TXN11057,2025-10-29,06:42:47,NY,NY-Downtown,C9001,Debit Card,3,111.59,9.21,120.8
TXN11058,2025-10-31,14:04:47,LA,LA-Beverly Hills,C8293,Credit Card,6,183.29999999999998,15.12,198.42
TXN11059,2025-10-12,11:33:47,NY,NY-Downtown,C6464,Cash,4,134.57999999999998,11.1,145.68
TXN11060,2025-11-20,18:37:47,NY,NY-Uptown,C2289,Digital,2,25.4,2.1,27.5
TXN11061,2025-09-06,07:01:47,NY,NY-Uptown,C7281,Credit Card,7,164.92000000000002,13.61,178.53
TXN11062,2025-11-07,09:59:47,CH,CH-Loop,C6809,Credit Card,6,220.10999999999999,18.16,238.27
TXN11063,2025-09-06,12:10:47,NY,NY-Brooklyn,C2479,Cash,1,10.6,0.87,11.47
TXN11064,2025-09-30,20:00:47,CH,CH-Wicker Park,C6854,Cash,3,85.78,7.08,92.86
TXN11065,2025-09-08,18:40:47,LA,LA-Beverly Hills,C4078,Cash,1,58.26,4.81,63.07
TXN11066,2025-08-30,09:36:47,CH,CH-Lincoln Park,C6411,Cash,4,269.63,22.24,291.87
TXN11067,2025-10-14,22:07:47,NY,NY-Uptown,C9437,Cash,7,253.66999999999996,20.93,274.6
TXN11068,2025-10-08,09:44:47,NY,NY-Uptown,C6838,Cash,1,4.46,0.37,4.83
TXN11069,2025-10-14,12:08:47,NY,NY-Downtown,C8224,Cash,1,49.26,4.06,53.32
TXN11070,2025-11-05,07:56:47,CH,CH-Loop,C5372,Debit Card,5,265.92,21.94,287.86
TXN11071,2025-10-11,09:17:47,LA,LA-Beverly Hills,C6830,Credit Card,5,173.08999999999997,14.28,187.37
TXN11072,2025-11-18,17:24:47,CH,CH-Lincoln Park,C1763,Debit Card,5,115.37,9.52,124.89
TXN11073,2025-11-19,20:12:47,LA,LA-Downtown,C7227,Cash,4,214.21999999999997,17.67,231.89
TXN11074,2025-09-03,14:49:47,NY,NY-Downtown,C9363,Credit Card,7,264.97999999999996,21.86,286.84
TXN11075,2025-10-24,17:36:47,LA,LA-Downtown,C1252,Gift Card,5,252.85,20.86,273.71
TXN11076,2025-09-25,21:15:47,NY,NY-Uptown,C7452,Cash,6,178.96,14.76,193.72
TXN11077,2025-10-31,06:05:47,CH,CH-Lincoln Park,C7920,Debit Card,7,305.86,25.23,331.09
TXN11078,2025-10-30,18:54:47,LA,LA-Downtown,C6402,Cash,4,201.51999999999998,16.63,218.15
TXN11079,2025-11-13,11:13:47,CH,CH-Wicker Park,C9077,Credit Card,3,102.52,8.46,110.98
TXN11080,2025-10-22,13:35:47,NY,NY-Uptown,C4384,Credit Card,3,141.20999999999998,11.65,152.86
TXN11081,2025-10-12,22:06:47,NY,NY-Downtown,C9518,Debit Card,4,88.97999999999999,7.34,96.32
TXN11082,2025-09-30,18:55:47,CH,CH-Loop,C1787,Digital,7,196.53,16.21,212.74
TXN11083,2025-11-17,16:01:47,NY,NY-Uptown,C7074,Debit Card,7,284.60999999999996,23.48,308.09
TXN11084,2025-10-18,20:55:47,CH,CH-Lincoln Park,C5897,Cash,4,139.04000000000002,11.47,150.51
TXN11085,2025-09-10,14:52:47,NY,NY-Uptown,C5006,Cash,1,20.32,1.68,22.0
TXN11086,2025-11-03,15:56:47,CH,CH-Lincoln Park,C7726,Cash,4,101.58000000000001,8.38,109.96
TXN11087,2025-11-09,10:23:47,CH,CH-Loop,C6456,Debit Card,3,84.21000000000001,6.95,91.16
TXN11088,2025-11-19,13:43:47,LA,LA-Santa Monica,C4895,Credit Card,5,122.38000000000001,10.1,132.48
TXN11089,2025-09-16,16:37:47,LA,LA-Downtown,C9014,Cash,7,226.01,18.65,244.66
TXN11090,2025-11-25,12:32:47,NY,NY-Brooklyn,C2275,Cash,3,75.96000000000001,6.27,82.23
TXN11091,2025-10-26,16:53:47,CH,CH-Loop,C5418,Credit Card,1,45.96,3.79,49.75
TXN11092,2025-11-10,06:45:47,CH,CH-Lincoln Park,C4872,Credit Card,2,96.6,7.97,104.57
TXN11093,2025-11-22,18:42:47,LA,LA-Downtown,C8445,Cash,2,88.54,7.3,95.84
TXN11094,2025-09-14,09:48:47,CH,CH-Loop,C1119,Cash,1,25.63,2.11,27.74
TXN11095,2025-09-07,13:26:47,NY,NY-Brooklyn,C1412,Cash,7,318.23,26.25,344.48
TXN11096,2025-11-02,11:08:47,LA,LA-Santa Monica,C3404,Debit Card,6,241.83,19.95,261.78
TXN11097,2025-10-10,14:39:47,LA,LA-Beverly Hills,C5930,Digital,6,214.18,17.67,231.85
TXN11098,2025-09-10,14:09:47,LA,LA-Santa Monica,C9904,Cash,6,125.27000000000001,10.33,135.6
TXN11099,2025-09-28,19:38:47,NY,NY-Brooklyn,C7816,Credit Card,1,70.08,5.78,75.86
TXN11100,2025-09-21,08:45:47,NY,NY-Downtown,C4779,Cash,5,141.98,11.71,153.69
TXN11101,2025-11-14,05:38:47,LA,LA-Downtown,C5079,Cash,5,82.5,6.81,89.31
TXN11102,2025-11-18,18:00:47,NY,NY-Uptown,C4147,Digital,4,94.03999999999999,7.76,101.8
TXN11103,2025-11-24,07:14:47,LA,LA-Beverly Hills,C8961,Cash,7,247.66000000000003,20.43,268.09
TXN11104,2025-11-26,05:26:47,NY,NY-Uptown,C7614,Cash,4,79.2,6.53,85.73
TXN11105,2025-10-26,20:09:47,CH,CH-Lincoln Park,C8455,Debit Card,1,19.02,1.57,20.59
TXN11106,2025-11-23,13:07:47,NY,NY-Brooklyn,C6896,Credit Card,7,211.24000000000004,17.43,228.67
TXN11107,2025-11-11,15:05:47,LA,LA-Beverly Hills,C6024,Debit Card,1,48.99,4.04,53.03
TXN11108,2025-10-25,16:32:47,CH,CH-Wicker Park,C7229,Cash,3,113.67,9.38,123.05
TXN11109,2025-11-04,17:01:47,LA,LA-Santa Monica,C7656,Debit Card,4,140.85,11.62,152.47
TXN11110,2025-09-16,17:28:47,LA,LA-Beverly Hills,C1451,Credit Card,6,101.83999999999999,8.4,110.24
TXN11111,2025-10-16,13:59:47,NY,NY-Brooklyn,C6510,Debit Card,4,159.11,13.13,172.24
TXN11112,2025-10-04,21:03:47,LA,LA-Santa Monica,C1449,Cash,5,204.34,16.86,221.2
TXN11113,2025-11-23,10:16:47,NY,NY-Brooklyn,C7574,Credit Card,2,77.2,6.37,83.57
TXN11114,2025-10-21,11:51:47,CH,CH-Wicker Park,C8989,Cash,7,263.99999999999994,21.78,285.78
TXN11115,2025-10-07,15:57:47,NY,NY-Downtown,C3252,Debit Card,2,16.68,1.38,18.06
TXN11116,2025-11-21,07:17:47,LA,LA-Beverly Hills,C2440,Cash,7,213.58,17.62,231.2
TXN11117,2025-10-01,15:42:47,CH,CH-Loop,C3141,Cash,4,89.82,7.41,97.23
TXN11118,2025-09-03,09:08:47,CH,CH-Loop,C8645,Cash,6,235.46,19.43,254.89
TXN11119,2025-10-10,19:33:47,CH,CH-Loop,C8697,Gift Card,3,89.53999999999999,7.39,96.93
TXN11120,2025-10-25,13:02:47,CH,CH-Lincoln Park,C6036,Credit Card,4,188.45999999999998,15.55,204.01
TXN11121,2025-09-26,22:09:47,CH,CH-Wicker Park,C1828,Cash,2,65.28,5.39,70.67
TXN11122,2025-11-17,06:00:47,NY,NY-Brooklyn,C2642,Cash,5,226.51,18.69,245.2
TXN11123,2025-11-23,15:23:47,LA,LA-Santa Monica,C8885,Cash,6,272.68,22.5,295.18
TXN11124,2025-10-29,07:36:47,NY,NY-Brooklyn,C4322,Cash,2,37.980000000000004,3.13,41.11
TXN11125,2025-09-16,05:50:47,NY,NY-Brooklyn,C6107,Digital,1,51.16,4.22,55.38
TXN11126,2025-10-06,09:42:47,CH,CH-Lincoln Park,C4001,Cash,6,128.06,10.56,138.62
TXN11127,2025-11-25,16:25:47,CH,CH-Lincoln Park,C6576,Credit Card,2,27.700000000000003,2.29,29.99
TXN11128,2025-09-29,11:17:47,NY,NY-Downtown,C1354,Cash,1,23.46,1.94,25.4
TXN11129,2025-11-18,16:26:47,CH,CH-Lincoln Park,C1464,Cash,2,53.23,4.39,57.62
TXN11130,2025-10-30,07:37:47,LA,LA-Beverly Hills,C4810,Cash,4,119.69,9.87,129.56
TXN11131,2025-11-02,06:45:47,CH,CH-Loop,C2219,Credit Card,7,228.66,18.86,247.52
TXN11132,2025-11-22,17:11:47,CH,CH-Lincoln Park,C7314,Cash,2,25.92,2.14,28.06
TXN11133,2025-11-01,16:56:47,CH,CH-Lincoln Park,C3437,Credit Card,4,174.45000000000002,14.39,188.84
TXN11134,2025-10-30,21:47:47,CH,CH-Wicker Park,C9786,Cash,5,120.79000000000002,9.97,130.76
TXN11135,2025-09-18,17:44:47,NY,NY-Brooklyn,C7559,Cash,4,92.85,7.66,100.51
TXN11136,2025-11-14,20:10:47,CH,CH-Wicker Park,C1744,Credit Card,5,142.31,11.74,154.05
TXN11137,2025-10-12,17:06:47,LA,LA-Santa Monica,C3206,Gift Card,2,40.08,3.31,43.39
TXN11138,2025-10-12,22:07:47,LA,LA-Beverly Hills,C1597,Cash,7,186.82,15.41,202.23
TXN11139,2025-11-22,11:50:47,LA,LA-Beverly Hills,C4600,Credit Card,2,59.35,4.9,64.25
TXN11140,2025-11-22,06:15:47,NY,NY-Brooklyn,C8170,Cash,2,130.35,10.75,141.1
TXN11141,2025-11-09,18:34:47,LA,LA-Beverly Hills,C6362,Credit Card,2,44.010000000000005,3.63,47.64
TXN11142,2025-11-17,17:17:47,NY,NY-Downtown,C7262,Cash,1,54.2,4.47,58.67
TXN11143,2025-10-27,20:08:47,NY,NY-Downtown,C7404,Cash,6,137.99,11.38,149.37
TXN11144,2025-11-15,16:07:47,CH,CH-Lincoln Park,C2155,Cash,2,47.62,3.93,51.55
TXN11145,2025-09-29,19:29:47,LA,LA-Santa Monica,C1517,Cash,1,29.26,2.41,31.67
TXN11146,2025-11-26,09:38:47,CH,CH-Lincoln Park,C2286,Credit Card,7,352.41999999999996,29.07,381.49
TXN11147,2025-10-03,07:26:47,NY,NY-Brooklyn,C8762,Cash,7,139.89000000000001,11.54,151.43
TXN11148,2025-09-14,09:43:47,LA,LA-Downtown,C7312,Digital,5,146.01,12.05,158.06
TXN11149,2025-08-31,12:24:47,LA,LA-Beverly Hills,C1593,Cash,1,31.36,2.59,33.95
TXN11150,2025-09-08,05:48:47,CH,CH-Lincoln Park,C9500,Credit Card,3,68.12,5.62,73.74
TXN11151,2025-11-12,13:46:47,LA,LA-Downtown,C8471,Cash,1,28.31,2.34,30.65
TXN11152,2025-10-27,06:02:47,NY,NY-Uptown,C7670,Cash,7,152.39999999999998,12.57,164.97
TXN11153,2025-11-26,15:37:47,NY,NY-Downtown,C4994,Credit Card,1,74.73,6.17,80.9
TXN11154,2025-08-29,06:33:47,CH,CH-Wicker Park,C6717,Credit Card,5,193.19,15.94,209.13
TXN11155,2025-11-04,18:08:47,LA,LA-Downtown,C6233,Cash,5,229.07,18.9,247.97
TXN11156,2025-10-27,09:21:47,CH,CH-Loop,C2665,Cash,3,164.69,13.59,178.28
TXN11157,2025-10-05,15:37:47,LA,LA-Santa Monica,C3472,Debit Card,2,111.14,9.17,120.31
TXN11158,2025-10-14,15:22:47,CH,CH-Wicker Park,C2314,Cash,1,29.57,2.44,32.01
TXN11159,2025-09-12,06:19:47,LA,LA-Beverly Hills,C9425,Cash,1,40.76,3.36,44.12
TXN11160,2025-09-08,09:19:47,NY,NY-Downtown,C3269,Cash,6,253.01,20.87,273.88
TXN11161,2025-09-14,08:03:47,CH,CH-Wicker Park,C4659,Cash,2,19.14,1.58,20.72
TXN11162,2025-09-01,09:26:47,LA,LA-Beverly Hills,C6257,Credit Card,6,225.11,18.57,243.68
TXN11163,2025-09-19,10:34:47,NY,NY-Brooklyn,C7980,Cash,3,122.35999999999999,10.09,132.45
TXN11164,2025-09-30,05:52:47,CH,CH-Wicker Park,C4856,Cash,5,280.37,23.13,303.5
TXN11165,2025-10-27,10:21:47,LA,LA-Santa Monica,C4204,Debit Card,4,159.94,13.2,173.14
TXN11166,2025-11-14,16:45:47,CH,CH-Lincoln Park,C2204,Credit Card,1,46.5,3.84,50.34
TXN11167,2025-09-06,20:57:47,NY,NY-Uptown,C6922,Digital,4,137.66,11.36,149.02
TXN11168,2025-10-18,12:16:47,CH,CH-Wicker Park,C8732,Credit Card,5,227.3,18.75,246.05
TXN11169,2025-09-15,05:18:47,CH,CH-Lincoln Park,C5973,Debit Card,5,164.67000000000002,13.59,178.26
TXN11170,2025-11-25,13:59:47,NY,NY-Downtown,C9666,Cash,2,15.899999999999999,1.31,17.21
TXN11171,2025-09-27,05:59:47,NY,NY-Brooklyn,C1493,Cash,2,95.7,7.9,103.6
TXN11172,2025-11-14,09:09:47,LA,LA-Downtown,C6006,Cash,1,60.27,4.97,65.24
TXN11173,2025-08-30,12:27:47,NY,NY-Uptown,C2556,Cash,3,40.15,3.31,43.46
TXN11174,2025-10-30,18:33:47,NY,NY-Brooklyn,C5440,Debit Card,7,202.93,16.74,219.67
TXN11175,2025-09-05,14:45:47,LA,LA-Santa Monica,C8715,Debit Card,6,214.35999999999999,17.68,232.04
TXN11176,2025-09-13,18:18:47,LA,LA-Santa Monica,C6777,Cash,2,87.21000000000001,7.19,94.4
TXN11177,2025-11-09,18:42:47,LA,LA-Beverly Hills,C2786,Cash,5,199.7,16.48,216.18
TXN11178,2025-10-12,10:25:47,NY,NY-Downtown,C4609,Cash,6,254.15,20.97,275.12
TXN11179,2025-09-25,21:57:47,LA,LA-Downtown,C5869,Cash,5,265.2,21.88,287.08
TXN11180,2025-10-03,15:43:47,CH,CH-Wicker Park,C8031,Credit Card,7,252.92999999999998,20.87,273.8
TXN11181,2025-10-14,22:08:47,LA,LA-Beverly Hills,C1638,Cash,2,53.23,4.39,57.62
TXN11182,2025-10-30,11:17:47,LA,LA-Downtown,C7432,Credit Card,7,235.09,19.39,254.48
TXN11183,2025-10-08,11:24:47,LA,LA-Santa Monica,C2206,Cash,6,118.3,9.76,128.06
TXN11184,2025-09-22,18:33:47,LA,LA-Beverly Hills,C7682,Credit Card,7,134.12,11.06,145.18
TXN11185,2025-09-25,15:41:47,NY,NY-Uptown,C1608,Cash,7,206.14,17.01,223.15
TXN11186,2025-10-23,19:15:47,CH,CH-Loop,C2842,Digital,6,240.54000000000002,19.84,260.38
TXN11187,2025-08-29,15:28:47,NY,NY-Uptown,C5583,Cash,2,95.72999999999999,7.9,103.63
TXN11188,2025-09-21,20:03:47,NY,NY-Uptown,C9245,Cash,5,236.97999999999996,19.55,256.53
TXN11189,2025-11-11,15:22:47,CH,CH-Lincoln Park,C5211,Cash,1,40.2,3.32,43.52
TXN11190,2025-10-11,10:37:47,LA,LA-Santa Monica,C8434,Cash,4,171.45999999999998,14.15,185.61
TXN11191,2025-09-17,14:23:47,LA,LA-Downtown,C6007,Cash,5,121.87,10.05,131.92
TXN11192,2025-10-28,16:54:47,NY,NY-Downtown,C9428,Cash,5,237.96,19.63,257.59
TXN11193,2025-11-24,17:45:47,NY,NY-Uptown,C2103,Cash,4,76.97999999999999,6.35,83.33
TXN11194,2025-09-09,07:13:47,CH,CH-Loop,C3820,Cash,4,115.02,9.49,124.51
TXN11195,2025-11-16,20:37:47,CH,CH-Wicker Park,C4764,Cash,6,181.33999999999997,14.96,196.3
TXN11196,2025-10-24,19:04:47,LA,LA-Downtown,C5185,Credit Card,7,323.47,26.69,350.16
TXN11197,2025-10-01,15:15:47,CH,CH-Wicker Park,C6267,Credit Card,4,123.09,10.15,133.24
TXN11198,2025-11-13,13:06:47,NY,NY-Downtown,C5618,Cash,7,184.82000000000002,15.25,200.07
TXN11199,2025-10-28,13:52:47,CH,CH-Wicker Park,C4000,Cash,3,92.62,7.64,100.26
